2025-05-14T14:59:13.062+07:00  INFO 7320 --- [ShoppiBackEnd] [restartedMain] c.shoppi.admin.ShoppiBackEndApplication  : Starting ShoppiBackEndApplication using Java 21.0.6 with PID 7320 (D:\PROJECTS\WEB_EMERCE\ShoppiProject\ShoppiWebParent\ShoppiBackEnd\target\classes started by haich_ahutcq2 in D:\PROJECTS\WEB_EMERCE\ShoppiProject\ShoppiWebParent\ShoppiBackEnd)
2025-05-14T14:59:13.064+07:00  INFO 7320 --- [ShoppiBackEnd] [restartedMain] c.shoppi.admin.ShoppiBackEndApplication  : No active profile set, falling back to 1 default profile: "default"
2025-05-14T14:59:13.098+07:00  INFO 7320 --- [ShoppiBackEnd] [restartedMain] .e.DevToolsPropertyDefaultsPostProcessor : Devtools property defaults active! Set 'spring.devtools.add-properties' to 'false' to disable
2025-05-14T14:59:13.098+07:00  INFO 7320 --- [ShoppiBackEnd] [restartedMain] .e.DevToolsPropertyDefaultsPostProcessor : For additional web related logging consider setting the 'logging.level.web' property to 'DEBUG'
2025-05-14T14:59:13.575+07:00  INFO 7320 --- [ShoppiBackEnd] [restartedMain] .s.d.r.c.RepositoryConfigurationDelegate : Bootstrapping Spring Data JPA repositories in DEFAULT mode.
2025-05-14T14:59:13.619+07:00  INFO 7320 --- [ShoppiBackEnd] [restartedMain] .s.d.r.c.RepositoryConfigurationDelegate : Finished Spring Data repository scanning in 37 ms. Found 2 JPA repository interfaces.
2025-05-14T14:59:14.017+07:00  INFO 7320 --- [ShoppiBackEnd] [restartedMain] o.s.b.w.embedded.tomcat.TomcatWebServer  : Tomcat initialized with port 8080 (http)
2025-05-14T14:59:14.026+07:00  INFO 7320 --- [ShoppiBackEnd] [restartedMain] o.apache.catalina.core.StandardService   : Starting service [Tomcat]
2025-05-14T14:59:14.027+07:00  INFO 7320 --- [ShoppiBackEnd] [restartedMain] o.apache.catalina.core.StandardEngine    : Starting Servlet engine: [Apache Tomcat/10.1.39]
2025-05-14T14:59:14.105+07:00  INFO 7320 --- [ShoppiBackEnd] [restartedMain] o.a.c.c.C.[.[localhost].[/ShoppiAdmin]   : Initializing Spring embedded WebApplicationContext
2025-05-14T14:59:14.105+07:00  INFO 7320 --- [ShoppiBackEnd] [restartedMain] w.s.c.ServletWebServerApplicationContext : Root WebApplicationContext: initialization completed in 1006 ms
2025-05-14T14:59:14.229+07:00  INFO 7320 --- [ShoppiBackEnd] [restartedMain] o.hibernate.jpa.internal.util.LogHelper  : HHH000204: Processing PersistenceUnitInfo [name: default]
2025-05-14T14:59:14.274+07:00  INFO 7320 --- [ShoppiBackEnd] [restartedMain] org.hibernate.Version                    : HHH000412: Hibernate ORM core version 6.6.11.Final
2025-05-14T14:59:14.301+07:00  INFO 7320 --- [ShoppiBackEnd] [restartedMain] o.h.c.internal.RegionFactoryInitiator    : HHH000026: Second-level cache disabled
2025-05-14T14:59:14.520+07:00  INFO 7320 --- [ShoppiBackEnd] [restartedMain] o.s.o.j.p.SpringPersistenceUnitInfo      : No LoadTimeWeaver setup: ignoring JPA class transformer
2025-05-14T14:59:14.546+07:00  INFO 7320 --- [ShoppiBackEnd] [restartedMain] com.zaxxer.hikari.HikariDataSource       : HikariPool-1 - Starting...
2025-05-14T14:59:14.780+07:00  INFO 7320 --- [ShoppiBackEnd] [restartedMain] com.zaxxer.hikari.pool.HikariPool        : HikariPool-1 - Added connection com.mysql.cj.jdbc.ConnectionImpl@5391d562
2025-05-14T14:59:14.782+07:00  INFO 7320 --- [ShoppiBackEnd] [restartedMain] com.zaxxer.hikari.HikariDataSource       : HikariPool-1 - Start completed.
2025-05-14T14:59:14.812+07:00  WARN 7320 --- [ShoppiBackEnd] [restartedMain] org.hibernate.orm.deprecation            : HHH90000025: MySQL8Dialect does not need to be specified explicitly using 'hibernate.dialect' (remove the property setting and it will be selected by default)
2025-05-14T14:59:14.813+07:00  WARN 7320 --- [ShoppiBackEnd] [restartedMain] org.hibernate.orm.deprecation            : HHH90000026: MySQL8Dialect has been deprecated; use org.hibernate.dialect.MySQLDialect instead
2025-05-14T14:59:14.828+07:00  INFO 7320 --- [ShoppiBackEnd] [restartedMain] org.hibernate.orm.connections.pooling    : HHH10001005: Database info:
	Database JDBC URL [Connecting through datasource 'HikariDataSource (HikariPool-1)']
	Database driver: undefined/unknown
	Database version: 8.0
	Autocommit mode: undefined/unknown
	Isolation level: undefined/unknown
	Minimum pool size: undefined/unknown
	Maximum pool size: undefined/unknown
2025-05-14T14:59:15.505+07:00  INFO 7320 --- [ShoppiBackEnd] [restartedMain] o.h.e.t.j.p.i.JtaPlatformInitiator       : HHH000489: No JTA platform available (set 'hibernate.transaction.jta.platform' to enable JTA platform integration)
2025-05-14T14:59:15.564+07:00  INFO 7320 --- [ShoppiBackEnd] [restartedMain] j.LocalContainerEntityManagerFactoryBean : Initialized JPA EntityManagerFactory for persistence unit 'default'
2025-05-14T14:59:15.742+07:00  INFO 7320 --- [ShoppiBackEnd] [restartedMain] o.s.d.j.r.query.QueryEnhancerFactory     : Hibernate is in classpath; If applicable, HQL parser will be used.
2025-05-14T14:59:16.603+07:00  WARN 7320 --- [ShoppiBackEnd] [restartedMain] JpaBaseConfiguration$JpaWebConfiguration : spring.jpa.open-in-view is enabled by default. Therefore, database queries may be performed during view rendering. Explicitly configure spring.jpa.open-in-view to disable this warning
2025-05-14T14:59:16.619+07:00  INFO 7320 --- [ShoppiBackEnd] [restartedMain] r$InitializeUserDetailsManagerConfigurer : Global AuthenticationManager configured with UserDetailsService bean with name userDetailsService
2025-05-14T14:59:16.678+07:00  INFO 7320 --- [ShoppiBackEnd] [restartedMain] o.s.b.a.w.s.WelcomePageHandlerMapping    : Adding welcome page template: index
2025-05-14T14:59:17.049+07:00  WARN 7320 --- [ShoppiBackEnd] [restartedMain] o.s.s.c.a.web.builders.WebSecurity       : You are asking Spring Security to ignore Deferred [Mvc [pattern='/images/**'], Ant [pattern='/images/**']]. This is not recommended -- please use permitAll via HttpSecurity#authorizeHttpRequests instead.
2025-05-14T14:59:17.050+07:00  WARN 7320 --- [ShoppiBackEnd] [restartedMain] o.s.s.c.a.web.builders.WebSecurity       : You are asking Spring Security to ignore Deferred [Mvc [pattern='/js/**'], Ant [pattern='/js/**']]. This is not recommended -- please use permitAll via HttpSecurity#authorizeHttpRequests instead.
2025-05-14T14:59:17.050+07:00  WARN 7320 --- [ShoppiBackEnd] [restartedMain] o.s.s.c.a.web.builders.WebSecurity       : You are asking Spring Security to ignore Deferred [Mvc [pattern='/webjars/**'], Ant [pattern='/webjars/**']]. This is not recommended -- please use permitAll via HttpSecurity#authorizeHttpRequests instead.
2025-05-14T14:59:17.215+07:00  INFO 7320 --- [ShoppiBackEnd] [restartedMain] o.s.b.d.a.OptionalLiveReloadServer       : LiveReload server is running on port 35729
2025-05-14T14:59:17.252+07:00  INFO 7320 --- [ShoppiBackEnd] [restartedMain] o.s.b.w.embedded.tomcat.TomcatWebServer  : Tomcat started on port 8080 (http) with context path '/ShoppiAdmin'
2025-05-14T14:59:17.258+07:00  INFO 7320 --- [ShoppiBackEnd] [restartedMain] c.shoppi.admin.ShoppiBackEndApplication  : Started ShoppiBackEndApplication in 4.484 seconds (process running for 5.117)
2025-05-14T15:03:55.161+07:00  INFO 7320 --- [ShoppiBackEnd] [RMI TCP Connection(14)-127.0.0.1] inMXBeanRegistrar$SpringApplicationAdmin : Application shutdown requested.
2025-05-14T15:03:55.164+07:00  INFO 7320 --- [ShoppiBackEnd] [RMI TCP Connection(14)-127.0.0.1] o.s.b.w.e.tomcat.GracefulShutdown        : Commencing graceful shutdown. Waiting for active requests to complete
2025-05-14T15:03:55.176+07:00  INFO 7320 --- [ShoppiBackEnd] [tomcat-shutdown] o.s.b.w.e.tomcat.GracefulShutdown        : Graceful shutdown complete
2025-05-14T15:03:55.179+07:00  INFO 7320 --- [ShoppiBackEnd] [RMI TCP Connection(14)-127.0.0.1] j.LocalContainerEntityManagerFactoryBean : Closing JPA EntityManagerFactory for persistence unit 'default'
2025-05-14T15:03:55.182+07:00  INFO 7320 --- [ShoppiBackEnd] [RMI TCP Connection(14)-127.0.0.1] com.zaxxer.hikari.HikariDataSource       : HikariPool-1 - Shutdown initiated...
2025-05-14T15:03:55.187+07:00  INFO 7320 --- [ShoppiBackEnd] [RMI TCP Connection(14)-127.0.0.1] com.zaxxer.hikari.HikariDataSource       : HikariPool-1 - Shutdown completed.
2025-05-14T15:03:58.742+07:00  INFO 28212 --- [ShoppiBackEnd] [restartedMain] c.shoppi.admin.ShoppiBackEndApplication  : Starting ShoppiBackEndApplication using Java 21.0.6 with PID 28212 (D:\PROJECTS\WEB_EMERCE\ShoppiProject\ShoppiWebParent\ShoppiBackEnd\target\classes started by haich_ahutcq2 in D:\PROJECTS\WEB_EMERCE\ShoppiProject\ShoppiWebParent\ShoppiBackEnd)
2025-05-14T15:03:58.744+07:00  INFO 28212 --- [ShoppiBackEnd] [restartedMain] c.shoppi.admin.ShoppiBackEndApplication  : No active profile set, falling back to 1 default profile: "default"
2025-05-14T15:03:58.781+07:00  INFO 28212 --- [ShoppiBackEnd] [restartedMain] .e.DevToolsPropertyDefaultsPostProcessor : Devtools property defaults active! Set 'spring.devtools.add-properties' to 'false' to disable
2025-05-14T15:03:58.782+07:00  INFO 28212 --- [ShoppiBackEnd] [restartedMain] .e.DevToolsPropertyDefaultsPostProcessor : For additional web related logging consider setting the 'logging.level.web' property to 'DEBUG'
2025-05-14T15:03:59.361+07:00  INFO 28212 --- [ShoppiBackEnd] [restartedMain] .s.d.r.c.RepositoryConfigurationDelegate : Bootstrapping Spring Data JPA repositories in DEFAULT mode.
2025-05-14T15:03:59.428+07:00  INFO 28212 --- [ShoppiBackEnd] [restartedMain] .s.d.r.c.RepositoryConfigurationDelegate : Finished Spring Data repository scanning in 58 ms. Found 2 JPA repository interfaces.
2025-05-14T15:03:59.929+07:00  INFO 28212 --- [ShoppiBackEnd] [restartedMain] o.s.b.w.embedded.tomcat.TomcatWebServer  : Tomcat initialized with port 8080 (http)
2025-05-14T15:03:59.940+07:00  INFO 28212 --- [ShoppiBackEnd] [restartedMain] o.apache.catalina.core.StandardService   : Starting service [Tomcat]
2025-05-14T15:03:59.940+07:00  INFO 28212 --- [ShoppiBackEnd] [restartedMain] o.apache.catalina.core.StandardEngine    : Starting Servlet engine: [Apache Tomcat/10.1.39]
2025-05-14T15:04:00.027+07:00  INFO 28212 --- [ShoppiBackEnd] [restartedMain] o.a.c.c.C.[.[localhost].[/ShoppiAdmin]   : Initializing Spring embedded WebApplicationContext
2025-05-14T15:04:00.027+07:00  INFO 28212 --- [ShoppiBackEnd] [restartedMain] w.s.c.ServletWebServerApplicationContext : Root WebApplicationContext: initialization completed in 1245 ms
2025-05-14T15:04:00.158+07:00  INFO 28212 --- [ShoppiBackEnd] [restartedMain] o.hibernate.jpa.internal.util.LogHelper  : HHH000204: Processing PersistenceUnitInfo [name: default]
2025-05-14T15:04:00.205+07:00  INFO 28212 --- [ShoppiBackEnd] [restartedMain] org.hibernate.Version                    : HHH000412: Hibernate ORM core version 6.6.11.Final
2025-05-14T15:04:00.238+07:00  INFO 28212 --- [ShoppiBackEnd] [restartedMain] o.h.c.internal.RegionFactoryInitiator    : HHH000026: Second-level cache disabled
2025-05-14T15:04:00.491+07:00  INFO 28212 --- [ShoppiBackEnd] [restartedMain] o.s.o.j.p.SpringPersistenceUnitInfo      : No LoadTimeWeaver setup: ignoring JPA class transformer
2025-05-14T15:04:00.518+07:00  INFO 28212 --- [ShoppiBackEnd] [restartedMain] com.zaxxer.hikari.HikariDataSource       : HikariPool-1 - Starting...
2025-05-14T15:04:00.795+07:00  INFO 28212 --- [ShoppiBackEnd] [restartedMain] com.zaxxer.hikari.pool.HikariPool        : HikariPool-1 - Added connection com.mysql.cj.jdbc.ConnectionImpl@b40a2a4
2025-05-14T15:04:00.797+07:00  INFO 28212 --- [ShoppiBackEnd] [restartedMain] com.zaxxer.hikari.HikariDataSource       : HikariPool-1 - Start completed.
2025-05-14T15:04:00.833+07:00  WARN 28212 --- [ShoppiBackEnd] [restartedMain] org.hibernate.orm.deprecation            : HHH90000025: MySQL8Dialect does not need to be specified explicitly using 'hibernate.dialect' (remove the property setting and it will be selected by default)
2025-05-14T15:04:00.834+07:00  WARN 28212 --- [ShoppiBackEnd] [restartedMain] org.hibernate.orm.deprecation            : HHH90000026: MySQL8Dialect has been deprecated; use org.hibernate.dialect.MySQLDialect instead
2025-05-14T15:04:00.848+07:00  INFO 28212 --- [ShoppiBackEnd] [restartedMain] org.hibernate.orm.connections.pooling    : HHH10001005: Database info:
	Database JDBC URL [Connecting through datasource 'HikariDataSource (HikariPool-1)']
	Database driver: undefined/unknown
	Database version: 8.0
	Autocommit mode: undefined/unknown
	Isolation level: undefined/unknown
	Minimum pool size: undefined/unknown
	Maximum pool size: undefined/unknown
2025-05-14T15:04:01.619+07:00  INFO 28212 --- [ShoppiBackEnd] [restartedMain] o.h.e.t.j.p.i.JtaPlatformInitiator       : HHH000489: No JTA platform available (set 'hibernate.transaction.jta.platform' to enable JTA platform integration)
2025-05-14T15:04:01.686+07:00  INFO 28212 --- [ShoppiBackEnd] [restartedMain] j.LocalContainerEntityManagerFactoryBean : Initialized JPA EntityManagerFactory for persistence unit 'default'
2025-05-14T15:04:01.906+07:00  INFO 28212 --- [ShoppiBackEnd] [restartedMain] o.s.d.j.r.query.QueryEnhancerFactory     : Hibernate is in classpath; If applicable, HQL parser will be used.
2025-05-14T15:04:02.933+07:00  WARN 28212 --- [ShoppiBackEnd] [restartedMain] JpaBaseConfiguration$JpaWebConfiguration : spring.jpa.open-in-view is enabled by default. Therefore, database queries may be performed during view rendering. Explicitly configure spring.jpa.open-in-view to disable this warning
2025-05-14T15:04:02.956+07:00  INFO 28212 --- [ShoppiBackEnd] [restartedMain] r$InitializeUserDetailsManagerConfigurer : Global AuthenticationManager configured with UserDetailsService bean with name userDetailsService
2025-05-14T15:04:03.041+07:00  INFO 28212 --- [ShoppiBackEnd] [restartedMain] o.s.b.a.w.s.WelcomePageHandlerMapping    : Adding welcome page template: index
2025-05-14T15:04:03.610+07:00  WARN 28212 --- [ShoppiBackEnd] [restartedMain] o.s.s.c.a.web.builders.WebSecurity       : You are asking Spring Security to ignore Deferred [Mvc [pattern='/images/**'], Ant [pattern='/images/**']]. This is not recommended -- please use permitAll via HttpSecurity#authorizeHttpRequests instead.
2025-05-14T15:04:03.610+07:00  WARN 28212 --- [ShoppiBackEnd] [restartedMain] o.s.s.c.a.web.builders.WebSecurity       : You are asking Spring Security to ignore Deferred [Mvc [pattern='/js/**'], Ant [pattern='/js/**']]. This is not recommended -- please use permitAll via HttpSecurity#authorizeHttpRequests instead.
2025-05-14T15:04:03.610+07:00  WARN 28212 --- [ShoppiBackEnd] [restartedMain] o.s.s.c.a.web.builders.WebSecurity       : You are asking Spring Security to ignore Deferred [Mvc [pattern='/webjars/**'], Ant [pattern='/webjars/**']]. This is not recommended -- please use permitAll via HttpSecurity#authorizeHttpRequests instead.
2025-05-14T15:04:03.876+07:00  INFO 28212 --- [ShoppiBackEnd] [restartedMain] o.s.b.d.a.OptionalLiveReloadServer       : LiveReload server is running on port 35729
2025-05-14T15:04:03.925+07:00  INFO 28212 --- [ShoppiBackEnd] [restartedMain] o.s.b.w.embedded.tomcat.TomcatWebServer  : Tomcat started on port 8080 (http) with context path '/ShoppiAdmin'
2025-05-14T15:04:03.934+07:00  INFO 28212 --- [ShoppiBackEnd] [restartedMain] c.shoppi.admin.ShoppiBackEndApplication  : Started ShoppiBackEndApplication in 5.503 seconds (process running for 6.198)
2025-05-14T15:04:07.920+07:00  INFO 28212 --- [ShoppiBackEnd] [http-nio-8080-exec-1] o.a.c.c.C.[.[localhost].[/ShoppiAdmin]   : Initializing Spring DispatcherServlet 'dispatcherServlet'
2025-05-14T15:04:07.920+07:00  INFO 28212 --- [ShoppiBackEnd] [http-nio-8080-exec-1] o.s.web.servlet.DispatcherServlet        : Initializing Servlet 'dispatcherServlet'
2025-05-14T15:04:07.921+07:00  INFO 28212 --- [ShoppiBackEnd] [http-nio-8080-exec-1] o.s.web.servlet.DispatcherServlet        : Completed initialization in 0 ms
2025-05-14T15:04:17.886+07:00  WARN 28212 --- [ShoppiBackEnd] [http-nio-8080-exec-7] actStandardFragmentInsertionTagProcessor : [THYMELEAF][http-nio-8080-exec-7][index] Deprecated unwrapped fragment expression "fragments :: page_head('Home - Shopme Admin')" found in template index, line 5, col 7. Please use the complete syntax of fragment expressions instead ("~{fragments :: page_head('Home - Shopme Admin')}"). The old, unwrapped syntax for fragment expressions will be removed in future versions of Thymeleaf.
2025-05-14T15:04:17.915+07:00  WARN 28212 --- [ShoppiBackEnd] [http-nio-8080-exec-7] actStandardFragmentInsertionTagProcessor : [THYMELEAF][http-nio-8080-exec-7][index] Deprecated unwrapped fragment expression "navigation :: menu" found in template index, line 10, col 7. Please use the complete syntax of fragment expressions instead ("~{navigation :: menu}"). The old, unwrapped syntax for fragment expressions will be removed in future versions of Thymeleaf.
2025-05-14T15:04:17.956+07:00  WARN 28212 --- [ShoppiBackEnd] [http-nio-8080-exec-7] actStandardFragmentInsertionTagProcessor : [THYMELEAF][http-nio-8080-exec-7][index] Deprecated unwrapped fragment expression "fragments :: footer" found in template index, line 20, col 7. Please use the complete syntax of fragment expressions instead ("~{fragments :: footer}"). The old, unwrapped syntax for fragment expressions will be removed in future versions of Thymeleaf.
2025-05-14T15:04:19.566+07:00  WARN 28212 --- [ShoppiBackEnd] [http-nio-8080-exec-6] actStandardFragmentInsertionTagProcessor : [THYMELEAF][http-nio-8080-exec-6][users/users] Deprecated unwrapped fragment expression "fragments :: page_head('Users - Shopme Admin')" found in template users/users, line 3, col 7. Please use the complete syntax of fragment expressions instead ("~{fragments :: page_head('Users - Shopme Admin')}"). The old, unwrapped syntax for fragment expressions will be removed in future versions of Thymeleaf.
2025-05-14T15:04:19.570+07:00  WARN 28212 --- [ShoppiBackEnd] [http-nio-8080-exec-6] actStandardFragmentInsertionTagProcessor : [THYMELEAF][http-nio-8080-exec-6][users/users] Deprecated unwrapped fragment expression "navigation :: menu" found in template users/users, line 6, col 7. Please use the complete syntax of fragment expressions instead ("~{navigation :: menu}"). The old, unwrapped syntax for fragment expressions will be removed in future versions of Thymeleaf.
2025-05-14T15:04:19.587+07:00  WARN 28212 --- [ShoppiBackEnd] [http-nio-8080-exec-6] actStandardFragmentInsertionTagProcessor : [THYMELEAF][http-nio-8080-exec-6][users/users] Deprecated unwrapped fragment expression "fragments :: column_link('id', 'User ID', 'tag')" found in template users/users, line 45, col 11. Please use the complete syntax of fragment expressions instead ("~{fragments :: column_link('id', 'User ID', 'tag')}"). The old, unwrapped syntax for fragment expressions will be removed in future versions of Thymeleaf.
2025-05-14T15:04:19.594+07:00  WARN 28212 --- [ShoppiBackEnd] [http-nio-8080-exec-6] actStandardFragmentInsertionTagProcessor : [THYMELEAF][http-nio-8080-exec-6][users/users] Deprecated unwrapped fragment expression "fragments :: column_link('email', 'E-mail', 'tag')" found in template users/users, line 51, col 11. Please use the complete syntax of fragment expressions instead ("~{fragments :: column_link('email', 'E-mail', 'tag')}"). The old, unwrapped syntax for fragment expressions will be removed in future versions of Thymeleaf.
2025-05-14T15:04:19.597+07:00  WARN 28212 --- [ShoppiBackEnd] [http-nio-8080-exec-6] actStandardFragmentInsertionTagProcessor : [THYMELEAF][http-nio-8080-exec-6][users/users] Deprecated unwrapped fragment expression "fragments :: column_link('firstName', 'First Name', 'none')" found in template users/users, line 54, col 10. Please use the complete syntax of fragment expressions instead ("~{fragments :: column_link('firstName', 'First Name', 'none')}"). The old, unwrapped syntax for fragment expressions will be removed in future versions of Thymeleaf.
2025-05-14T15:04:19.599+07:00  WARN 28212 --- [ShoppiBackEnd] [http-nio-8080-exec-6] actStandardFragmentInsertionTagProcessor : [THYMELEAF][http-nio-8080-exec-6][users/users] Deprecated unwrapped fragment expression "fragments :: column_link('lastName', 'Last Name', 'none')" found in template users/users, line 55, col 10. Please use the complete syntax of fragment expressions instead ("~{fragments :: column_link('lastName', 'Last Name', 'none')}"). The old, unwrapped syntax for fragment expressions will be removed in future versions of Thymeleaf.
2025-05-14T15:04:19.601+07:00  WARN 28212 --- [ShoppiBackEnd] [http-nio-8080-exec-6] actStandardFragmentInsertionTagProcessor : [THYMELEAF][http-nio-8080-exec-6][users/users] Deprecated unwrapped fragment expression "fragments :: column_link('enabled', 'Enabled', 'none')" found in template users/users, line 58, col 10. Please use the complete syntax of fragment expressions instead ("~{fragments :: column_link('enabled', 'Enabled', 'none')}"). The old, unwrapped syntax for fragment expressions will be removed in future versions of Thymeleaf.
2025-05-14T15:04:19.607+07:00  WARN 28212 --- [ShoppiBackEnd] [http-nio-8080-exec-6] actStandardFragmentInsertionTagProcessor : [THYMELEAF][http-nio-8080-exec-6][users/users] Deprecated unwrapped fragment expression "fragments :: user_photos" found in template users/users, line 66, col 12. Please use the complete syntax of fragment expressions instead ("~{fragments :: user_photos}"). The old, unwrapped syntax for fragment expressions will be removed in future versions of Thymeleaf.
2025-05-14T15:04:19.610+07:00  WARN 28212 --- [ShoppiBackEnd] [http-nio-8080-exec-6] actStandardFragmentInsertionTagProcessor : [THYMELEAF][http-nio-8080-exec-6][users/users] Deprecated unwrapped fragment expression "fragments :: user_status" found in template users/users, line 74, col 12. Please use the complete syntax of fragment expressions instead ("~{fragments :: user_status}"). The old, unwrapped syntax for fragment expressions will be removed in future versions of Thymeleaf.
2025-05-14T15:04:19.617+07:00  WARN 28212 --- [ShoppiBackEnd] [http-nio-8080-exec-6] actStandardFragmentInsertionTagProcessor : [THYMELEAF][http-nio-8080-exec-6][users/users] Deprecated unwrapped fragment expression "fragments :: user_actions" found in template users/users, line 78, col 12. Please use the complete syntax of fragment expressions instead ("~{fragments :: user_actions}"). The old, unwrapped syntax for fragment expressions will be removed in future versions of Thymeleaf.
2025-05-14T15:04:19.621+07:00  WARN 28212 --- [ShoppiBackEnd] [http-nio-8080-exec-6] actStandardFragmentInsertionTagProcessor : [THYMELEAF][http-nio-8080-exec-6][users/users] Deprecated unwrapped fragment expression "fragments :: user_photos" found in template users/users, line 66, col 12. Please use the complete syntax of fragment expressions instead ("~{fragments :: user_photos}"). The old, unwrapped syntax for fragment expressions will be removed in future versions of Thymeleaf.
2025-05-14T15:04:19.623+07:00  WARN 28212 --- [ShoppiBackEnd] [http-nio-8080-exec-6] actStandardFragmentInsertionTagProcessor : [THYMELEAF][http-nio-8080-exec-6][users/users] Deprecated unwrapped fragment expression "fragments :: user_status" found in template users/users, line 74, col 12. Please use the complete syntax of fragment expressions instead ("~{fragments :: user_status}"). The old, unwrapped syntax for fragment expressions will be removed in future versions of Thymeleaf.
2025-05-14T15:04:19.626+07:00  WARN 28212 --- [ShoppiBackEnd] [http-nio-8080-exec-6] actStandardFragmentInsertionTagProcessor : [THYMELEAF][http-nio-8080-exec-6][users/users] Deprecated unwrapped fragment expression "fragments :: user_actions" found in template users/users, line 78, col 12. Please use the complete syntax of fragment expressions instead ("~{fragments :: user_actions}"). The old, unwrapped syntax for fragment expressions will be removed in future versions of Thymeleaf.
2025-05-14T15:04:19.629+07:00  WARN 28212 --- [ShoppiBackEnd] [http-nio-8080-exec-6] actStandardFragmentInsertionTagProcessor : [THYMELEAF][http-nio-8080-exec-6][users/users] Deprecated unwrapped fragment expression "fragments :: user_photos" found in template users/users, line 66, col 12. Please use the complete syntax of fragment expressions instead ("~{fragments :: user_photos}"). The old, unwrapped syntax for fragment expressions will be removed in future versions of Thymeleaf.
2025-05-14T15:04:19.630+07:00  WARN 28212 --- [ShoppiBackEnd] [http-nio-8080-exec-6] actStandardFragmentInsertionTagProcessor : [THYMELEAF][http-nio-8080-exec-6][users/users] Deprecated unwrapped fragment expression "fragments :: user_status" found in template users/users, line 74, col 12. Please use the complete syntax of fragment expressions instead ("~{fragments :: user_status}"). The old, unwrapped syntax for fragment expressions will be removed in future versions of Thymeleaf.
2025-05-14T15:04:19.633+07:00  WARN 28212 --- [ShoppiBackEnd] [http-nio-8080-exec-6] actStandardFragmentInsertionTagProcessor : [THYMELEAF][http-nio-8080-exec-6][users/users] Deprecated unwrapped fragment expression "fragments :: user_actions" found in template users/users, line 78, col 12. Please use the complete syntax of fragment expressions instead ("~{fragments :: user_actions}"). The old, unwrapped syntax for fragment expressions will be removed in future versions of Thymeleaf.
2025-05-14T15:04:19.636+07:00  WARN 28212 --- [ShoppiBackEnd] [http-nio-8080-exec-6] actStandardFragmentInsertionTagProcessor : [THYMELEAF][http-nio-8080-exec-6][users/users] Deprecated unwrapped fragment expression "fragments :: user_photos" found in template users/users, line 66, col 12. Please use the complete syntax of fragment expressions instead ("~{fragments :: user_photos}"). The old, unwrapped syntax for fragment expressions will be removed in future versions of Thymeleaf.
2025-05-14T15:04:19.638+07:00  WARN 28212 --- [ShoppiBackEnd] [http-nio-8080-exec-6] actStandardFragmentInsertionTagProcessor : [THYMELEAF][http-nio-8080-exec-6][users/users] Deprecated unwrapped fragment expression "fragments :: user_status" found in template users/users, line 74, col 12. Please use the complete syntax of fragment expressions instead ("~{fragments :: user_status}"). The old, unwrapped syntax for fragment expressions will be removed in future versions of Thymeleaf.
2025-05-14T15:04:19.640+07:00  WARN 28212 --- [ShoppiBackEnd] [http-nio-8080-exec-6] actStandardFragmentInsertionTagProcessor : [THYMELEAF][http-nio-8080-exec-6][users/users] Deprecated unwrapped fragment expression "fragments :: user_actions" found in template users/users, line 78, col 12. Please use the complete syntax of fragment expressions instead ("~{fragments :: user_actions}"). The old, unwrapped syntax for fragment expressions will be removed in future versions of Thymeleaf.
2025-05-14T15:04:19.644+07:00  WARN 28212 --- [ShoppiBackEnd] [http-nio-8080-exec-6] actStandardFragmentInsertionTagProcessor : [THYMELEAF][http-nio-8080-exec-6][users/users] Deprecated unwrapped fragment expression "fragments :: user_photos" found in template users/users, line 88, col 10. Please use the complete syntax of fragment expressions instead ("~{fragments :: user_photos}"). The old, unwrapped syntax for fragment expressions will be removed in future versions of Thymeleaf.
2025-05-14T15:04:19.645+07:00  WARN 28212 --- [ShoppiBackEnd] [http-nio-8080-exec-6] actStandardFragmentInsertionTagProcessor : [THYMELEAF][http-nio-8080-exec-6][users/users] Deprecated unwrapped fragment expression "fragments :: user_status" found in template users/users, line 94, col 11. Please use the complete syntax of fragment expressions instead ("~{fragments :: user_status}"). The old, unwrapped syntax for fragment expressions will be removed in future versions of Thymeleaf.
2025-05-14T15:04:19.646+07:00  WARN 28212 --- [ShoppiBackEnd] [http-nio-8080-exec-6] actStandardFragmentInsertionTagProcessor : [THYMELEAF][http-nio-8080-exec-6][users/users] Deprecated unwrapped fragment expression "fragments :: user_actions" found in template users/users, line 96, col 11. Please use the complete syntax of fragment expressions instead ("~{fragments :: user_actions}"). The old, unwrapped syntax for fragment expressions will be removed in future versions of Thymeleaf.
2025-05-14T15:04:19.648+07:00  WARN 28212 --- [ShoppiBackEnd] [http-nio-8080-exec-6] actStandardFragmentInsertionTagProcessor : [THYMELEAF][http-nio-8080-exec-6][users/users] Deprecated unwrapped fragment expression "fragments :: user_photos" found in template users/users, line 88, col 10. Please use the complete syntax of fragment expressions instead ("~{fragments :: user_photos}"). The old, unwrapped syntax for fragment expressions will be removed in future versions of Thymeleaf.
2025-05-14T15:04:19.649+07:00  WARN 28212 --- [ShoppiBackEnd] [http-nio-8080-exec-6] actStandardFragmentInsertionTagProcessor : [THYMELEAF][http-nio-8080-exec-6][users/users] Deprecated unwrapped fragment expression "fragments :: user_status" found in template users/users, line 94, col 11. Please use the complete syntax of fragment expressions instead ("~{fragments :: user_status}"). The old, unwrapped syntax for fragment expressions will be removed in future versions of Thymeleaf.
2025-05-14T15:04:19.651+07:00  WARN 28212 --- [ShoppiBackEnd] [http-nio-8080-exec-6] actStandardFragmentInsertionTagProcessor : [THYMELEAF][http-nio-8080-exec-6][users/users] Deprecated unwrapped fragment expression "fragments :: user_actions" found in template users/users, line 96, col 11. Please use the complete syntax of fragment expressions instead ("~{fragments :: user_actions}"). The old, unwrapped syntax for fragment expressions will be removed in future versions of Thymeleaf.
2025-05-14T15:04:19.652+07:00  WARN 28212 --- [ShoppiBackEnd] [http-nio-8080-exec-6] actStandardFragmentInsertionTagProcessor : [THYMELEAF][http-nio-8080-exec-6][users/users] Deprecated unwrapped fragment expression "fragments :: user_photos" found in template users/users, line 88, col 10. Please use the complete syntax of fragment expressions instead ("~{fragments :: user_photos}"). The old, unwrapped syntax for fragment expressions will be removed in future versions of Thymeleaf.
2025-05-14T15:04:19.654+07:00  WARN 28212 --- [ShoppiBackEnd] [http-nio-8080-exec-6] actStandardFragmentInsertionTagProcessor : [THYMELEAF][http-nio-8080-exec-6][users/users] Deprecated unwrapped fragment expression "fragments :: user_status" found in template users/users, line 94, col 11. Please use the complete syntax of fragment expressions instead ("~{fragments :: user_status}"). The old, unwrapped syntax for fragment expressions will be removed in future versions of Thymeleaf.
2025-05-14T15:04:19.655+07:00  WARN 28212 --- [ShoppiBackEnd] [http-nio-8080-exec-6] actStandardFragmentInsertionTagProcessor : [THYMELEAF][http-nio-8080-exec-6][users/users] Deprecated unwrapped fragment expression "fragments :: user_actions" found in template users/users, line 96, col 11. Please use the complete syntax of fragment expressions instead ("~{fragments :: user_actions}"). The old, unwrapped syntax for fragment expressions will be removed in future versions of Thymeleaf.
2025-05-14T15:04:19.657+07:00  WARN 28212 --- [ShoppiBackEnd] [http-nio-8080-exec-6] actStandardFragmentInsertionTagProcessor : [THYMELEAF][http-nio-8080-exec-6][users/users] Deprecated unwrapped fragment expression "fragments :: user_photos" found in template users/users, line 88, col 10. Please use the complete syntax of fragment expressions instead ("~{fragments :: user_photos}"). The old, unwrapped syntax for fragment expressions will be removed in future versions of Thymeleaf.
2025-05-14T15:04:19.658+07:00  WARN 28212 --- [ShoppiBackEnd] [http-nio-8080-exec-6] actStandardFragmentInsertionTagProcessor : [THYMELEAF][http-nio-8080-exec-6][users/users] Deprecated unwrapped fragment expression "fragments :: user_status" found in template users/users, line 94, col 11. Please use the complete syntax of fragment expressions instead ("~{fragments :: user_status}"). The old, unwrapped syntax for fragment expressions will be removed in future versions of Thymeleaf.
2025-05-14T15:04:19.660+07:00  WARN 28212 --- [ShoppiBackEnd] [http-nio-8080-exec-6] actStandardFragmentInsertionTagProcessor : [THYMELEAF][http-nio-8080-exec-6][users/users] Deprecated unwrapped fragment expression "fragments :: user_actions" found in template users/users, line 96, col 11. Please use the complete syntax of fragment expressions instead ("~{fragments :: user_actions}"). The old, unwrapped syntax for fragment expressions will be removed in future versions of Thymeleaf.
2025-05-14T15:04:19.662+07:00  WARN 28212 --- [ShoppiBackEnd] [http-nio-8080-exec-6] actStandardFragmentInsertionTagProcessor : [THYMELEAF][http-nio-8080-exec-6][users/users] Deprecated unwrapped fragment expression "fragments :: page_link(1, 'First')" found in template users/users, line 114, col 11. Please use the complete syntax of fragment expressions instead ("~{fragments :: page_link(1, 'First')}"). The old, unwrapped syntax for fragment expressions will be removed in future versions of Thymeleaf.
2025-05-14T15:04:19.664+07:00  WARN 28212 --- [ShoppiBackEnd] [http-nio-8080-exec-6] actStandardFragmentInsertionTagProcessor : [THYMELEAF][http-nio-8080-exec-6][users/users] Deprecated unwrapped fragment expression "fragments :: page_link(${currentPage - 1}, 'Previous')" found in template users/users, line 117, col 11. Please use the complete syntax of fragment expressions instead ("~{fragments :: page_link(${currentPage - 1}, 'Previous')}"). The old, unwrapped syntax for fragment expressions will be removed in future versions of Thymeleaf.
2025-05-14T15:04:19.669+07:00  WARN 28212 --- [ShoppiBackEnd] [http-nio-8080-exec-6] actStandardFragmentInsertionTagProcessor : [THYMELEAF][http-nio-8080-exec-6][users/users] Deprecated unwrapped fragment expression "fragments :: page_link(${i}, ${i})" found in template users/users, line 122, col 11. Please use the complete syntax of fragment expressions instead ("~{fragments :: page_link(${i}, ${i})}"). The old, unwrapped syntax for fragment expressions will be removed in future versions of Thymeleaf.
2025-05-14T15:04:19.671+07:00  WARN 28212 --- [ShoppiBackEnd] [http-nio-8080-exec-6] actStandardFragmentInsertionTagProcessor : [THYMELEAF][http-nio-8080-exec-6][users/users] Deprecated unwrapped fragment expression "fragments :: page_link(${i}, ${i})" found in template users/users, line 122, col 11. Please use the complete syntax of fragment expressions instead ("~{fragments :: page_link(${i}, ${i})}"). The old, unwrapped syntax for fragment expressions will be removed in future versions of Thymeleaf.
2025-05-14T15:04:19.672+07:00  WARN 28212 --- [ShoppiBackEnd] [http-nio-8080-exec-6] actStandardFragmentInsertionTagProcessor : [THYMELEAF][http-nio-8080-exec-6][users/users] Deprecated unwrapped fragment expression "fragments :: page_link(${i}, ${i})" found in template users/users, line 122, col 11. Please use the complete syntax of fragment expressions instead ("~{fragments :: page_link(${i}, ${i})}"). The old, unwrapped syntax for fragment expressions will be removed in future versions of Thymeleaf.
2025-05-14T15:04:19.674+07:00  WARN 28212 --- [ShoppiBackEnd] [http-nio-8080-exec-6] actStandardFragmentInsertionTagProcessor : [THYMELEAF][http-nio-8080-exec-6][users/users] Deprecated unwrapped fragment expression "fragments :: page_link(${i}, ${i})" found in template users/users, line 122, col 11. Please use the complete syntax of fragment expressions instead ("~{fragments :: page_link(${i}, ${i})}"). The old, unwrapped syntax for fragment expressions will be removed in future versions of Thymeleaf.
2025-05-14T15:04:19.676+07:00  WARN 28212 --- [ShoppiBackEnd] [http-nio-8080-exec-6] actStandardFragmentInsertionTagProcessor : [THYMELEAF][http-nio-8080-exec-6][users/users] Deprecated unwrapped fragment expression "fragments :: page_link(${i}, ${i})" found in template users/users, line 122, col 11. Please use the complete syntax of fragment expressions instead ("~{fragments :: page_link(${i}, ${i})}"). The old, unwrapped syntax for fragment expressions will be removed in future versions of Thymeleaf.
2025-05-14T15:04:19.678+07:00  WARN 28212 --- [ShoppiBackEnd] [http-nio-8080-exec-6] actStandardFragmentInsertionTagProcessor : [THYMELEAF][http-nio-8080-exec-6][users/users] Deprecated unwrapped fragment expression "fragments :: page_link(${i}, ${i})" found in template users/users, line 122, col 11. Please use the complete syntax of fragment expressions instead ("~{fragments :: page_link(${i}, ${i})}"). The old, unwrapped syntax for fragment expressions will be removed in future versions of Thymeleaf.
2025-05-14T15:04:19.680+07:00  WARN 28212 --- [ShoppiBackEnd] [http-nio-8080-exec-6] actStandardFragmentInsertionTagProcessor : [THYMELEAF][http-nio-8080-exec-6][users/users] Deprecated unwrapped fragment expression "fragments :: page_link(${currentPage + 1}, 'Next')" found in template users/users, line 126, col 11. Please use the complete syntax of fragment expressions instead ("~{fragments :: page_link(${currentPage + 1}, 'Next')}"). The old, unwrapped syntax for fragment expressions will be removed in future versions of Thymeleaf.
2025-05-14T15:04:19.681+07:00  WARN 28212 --- [ShoppiBackEnd] [http-nio-8080-exec-6] actStandardFragmentInsertionTagProcessor : [THYMELEAF][http-nio-8080-exec-6][users/users] Deprecated unwrapped fragment expression "fragments :: page_link(${totalPages}, 'Last')" found in template users/users, line 130, col 11. Please use the complete syntax of fragment expressions instead ("~{fragments :: page_link(${totalPages}, 'Last')}"). The old, unwrapped syntax for fragment expressions will be removed in future versions of Thymeleaf.
2025-05-14T15:04:19.683+07:00  WARN 28212 --- [ShoppiBackEnd] [http-nio-8080-exec-6] actStandardFragmentInsertionTagProcessor : [THYMELEAF][http-nio-8080-exec-6][users/users] Deprecated unwrapped fragment expression "fragments :: footer" found in template users/users, line 156, col 7. Please use the complete syntax of fragment expressions instead ("~{fragments :: footer}"). The old, unwrapped syntax for fragment expressions will be removed in future versions of Thymeleaf.
2025-05-14T15:07:32.928+07:00  WARN 28212 --- [ShoppiBackEnd] [http-nio-8080-exec-6] actStandardFragmentInsertionTagProcessor : [THYMELEAF][http-nio-8080-exec-6][users/user_form] Deprecated unwrapped fragment expression "fragments :: page_head(${pageTitle})" found in template users/user_form, line 3, col 7. Please use the complete syntax of fragment expressions instead ("~{fragments :: page_head(${pageTitle})}"). The old, unwrapped syntax for fragment expressions will be removed in future versions of Thymeleaf.
2025-05-14T15:07:32.973+07:00  WARN 28212 --- [ShoppiBackEnd] [http-nio-8080-exec-6] actStandardFragmentInsertionTagProcessor : [THYMELEAF][http-nio-8080-exec-6][users/user_form] Deprecated unwrapped fragment expression "fragments :: footer" found in template users/user_form, line 153, col 7. Please use the complete syntax of fragment expressions instead ("~{fragments :: footer}"). The old, unwrapped syntax for fragment expressions will be removed in future versions of Thymeleaf.
2025-05-14T15:08:00.292+07:00 ERROR 28212 --- [ShoppiBackEnd] [http-nio-8080-exec-5] com.shoppi.admin.FileUploadUtil          : Could not list directory: user-photos\24
2025-05-14T15:08:00.336+07:00  WARN 28212 --- [ShoppiBackEnd] [http-nio-8080-exec-3] actStandardFragmentInsertionTagProcessor : [THYMELEAF][http-nio-8080-exec-3][users/users] Deprecated unwrapped fragment expression "fragments :: page_head('Users - Shopme Admin')" found in template users/users, line 3, col 7. Please use the complete syntax of fragment expressions instead ("~{fragments :: page_head('Users - Shopme Admin')}"). The old, unwrapped syntax for fragment expressions will be removed in future versions of Thymeleaf.
2025-05-14T15:08:00.338+07:00  WARN 28212 --- [ShoppiBackEnd] [http-nio-8080-exec-3] actStandardFragmentInsertionTagProcessor : [THYMELEAF][http-nio-8080-exec-3][users/users] Deprecated unwrapped fragment expression "navigation :: menu" found in template users/users, line 6, col 7. Please use the complete syntax of fragment expressions instead ("~{navigation :: menu}"). The old, unwrapped syntax for fragment expressions will be removed in future versions of Thymeleaf.
2025-05-14T15:08:00.356+07:00  WARN 28212 --- [ShoppiBackEnd] [http-nio-8080-exec-3] actStandardFragmentInsertionTagProcessor : [THYMELEAF][http-nio-8080-exec-3][users/users] Deprecated unwrapped fragment expression "fragments :: column_link('id', 'User ID', 'tag')" found in template users/users, line 45, col 11. Please use the complete syntax of fragment expressions instead ("~{fragments :: column_link('id', 'User ID', 'tag')}"). The old, unwrapped syntax for fragment expressions will be removed in future versions of Thymeleaf.
2025-05-14T15:08:00.359+07:00  WARN 28212 --- [ShoppiBackEnd] [http-nio-8080-exec-3] actStandardFragmentInsertionTagProcessor : [THYMELEAF][http-nio-8080-exec-3][users/users] Deprecated unwrapped fragment expression "fragments :: column_link('email', 'E-mail', 'tag')" found in template users/users, line 51, col 11. Please use the complete syntax of fragment expressions instead ("~{fragments :: column_link('email', 'E-mail', 'tag')}"). The old, unwrapped syntax for fragment expressions will be removed in future versions of Thymeleaf.
2025-05-14T15:08:00.361+07:00  WARN 28212 --- [ShoppiBackEnd] [http-nio-8080-exec-3] actStandardFragmentInsertionTagProcessor : [THYMELEAF][http-nio-8080-exec-3][users/users] Deprecated unwrapped fragment expression "fragments :: column_link('firstName', 'First Name', 'none')" found in template users/users, line 54, col 10. Please use the complete syntax of fragment expressions instead ("~{fragments :: column_link('firstName', 'First Name', 'none')}"). The old, unwrapped syntax for fragment expressions will be removed in future versions of Thymeleaf.
2025-05-14T15:08:00.362+07:00  WARN 28212 --- [ShoppiBackEnd] [http-nio-8080-exec-3] actStandardFragmentInsertionTagProcessor : [THYMELEAF][http-nio-8080-exec-3][users/users] Deprecated unwrapped fragment expression "fragments :: column_link('lastName', 'Last Name', 'none')" found in template users/users, line 55, col 10. Please use the complete syntax of fragment expressions instead ("~{fragments :: column_link('lastName', 'Last Name', 'none')}"). The old, unwrapped syntax for fragment expressions will be removed in future versions of Thymeleaf.
2025-05-14T15:08:00.364+07:00  WARN 28212 --- [ShoppiBackEnd] [http-nio-8080-exec-3] actStandardFragmentInsertionTagProcessor : [THYMELEAF][http-nio-8080-exec-3][users/users] Deprecated unwrapped fragment expression "fragments :: column_link('enabled', 'Enabled', 'none')" found in template users/users, line 58, col 10. Please use the complete syntax of fragment expressions instead ("~{fragments :: column_link('enabled', 'Enabled', 'none')}"). The old, unwrapped syntax for fragment expressions will be removed in future versions of Thymeleaf.
2025-05-14T15:08:00.365+07:00  WARN 28212 --- [ShoppiBackEnd] [http-nio-8080-exec-3] actStandardFragmentInsertionTagProcessor : [THYMELEAF][http-nio-8080-exec-3][users/users] Deprecated unwrapped fragment expression "fragments :: user_photos" found in template users/users, line 66, col 12. Please use the complete syntax of fragment expressions instead ("~{fragments :: user_photos}"). The old, unwrapped syntax for fragment expressions will be removed in future versions of Thymeleaf.
2025-05-14T15:08:00.366+07:00  WARN 28212 --- [ShoppiBackEnd] [http-nio-8080-exec-3] actStandardFragmentInsertionTagProcessor : [THYMELEAF][http-nio-8080-exec-3][users/users] Deprecated unwrapped fragment expression "fragments :: user_status" found in template users/users, line 74, col 12. Please use the complete syntax of fragment expressions instead ("~{fragments :: user_status}"). The old, unwrapped syntax for fragment expressions will be removed in future versions of Thymeleaf.
2025-05-14T15:08:00.368+07:00  WARN 28212 --- [ShoppiBackEnd] [http-nio-8080-exec-3] actStandardFragmentInsertionTagProcessor : [THYMELEAF][http-nio-8080-exec-3][users/users] Deprecated unwrapped fragment expression "fragments :: user_actions" found in template users/users, line 78, col 12. Please use the complete syntax of fragment expressions instead ("~{fragments :: user_actions}"). The old, unwrapped syntax for fragment expressions will be removed in future versions of Thymeleaf.
2025-05-14T15:08:00.371+07:00  WARN 28212 --- [ShoppiBackEnd] [http-nio-8080-exec-3] actStandardFragmentInsertionTagProcessor : [THYMELEAF][http-nio-8080-exec-3][users/users] Deprecated unwrapped fragment expression "fragments :: user_photos" found in template users/users, line 88, col 10. Please use the complete syntax of fragment expressions instead ("~{fragments :: user_photos}"). The old, unwrapped syntax for fragment expressions will be removed in future versions of Thymeleaf.
2025-05-14T15:08:00.372+07:00  WARN 28212 --- [ShoppiBackEnd] [http-nio-8080-exec-3] actStandardFragmentInsertionTagProcessor : [THYMELEAF][http-nio-8080-exec-3][users/users] Deprecated unwrapped fragment expression "fragments :: user_status" found in template users/users, line 94, col 11. Please use the complete syntax of fragment expressions instead ("~{fragments :: user_status}"). The old, unwrapped syntax for fragment expressions will be removed in future versions of Thymeleaf.
2025-05-14T15:08:00.374+07:00  WARN 28212 --- [ShoppiBackEnd] [http-nio-8080-exec-3] actStandardFragmentInsertionTagProcessor : [THYMELEAF][http-nio-8080-exec-3][users/users] Deprecated unwrapped fragment expression "fragments :: user_actions" found in template users/users, line 96, col 11. Please use the complete syntax of fragment expressions instead ("~{fragments :: user_actions}"). The old, unwrapped syntax for fragment expressions will be removed in future versions of Thymeleaf.
2025-05-14T15:08:00.376+07:00  WARN 28212 --- [ShoppiBackEnd] [http-nio-8080-exec-3] actStandardFragmentInsertionTagProcessor : [THYMELEAF][http-nio-8080-exec-3][users/users] Deprecated unwrapped fragment expression "fragments :: footer" found in template users/users, line 156, col 7. Please use the complete syntax of fragment expressions instead ("~{fragments :: footer}"). The old, unwrapped syntax for fragment expressions will be removed in future versions of Thymeleaf.
2025-05-14T15:10:28.833+07:00  INFO 28212 --- [ShoppiBackEnd] [RMI TCP Connection(16)-127.0.0.1] inMXBeanRegistrar$SpringApplicationAdmin : Application shutdown requested.
2025-05-14T15:10:28.834+07:00  INFO 28212 --- [ShoppiBackEnd] [RMI TCP Connection(16)-127.0.0.1] o.s.b.w.e.tomcat.GracefulShutdown        : Commencing graceful shutdown. Waiting for active requests to complete
2025-05-14T15:10:28.846+07:00  INFO 28212 --- [ShoppiBackEnd] [tomcat-shutdown] o.s.b.w.e.tomcat.GracefulShutdown        : Graceful shutdown complete
2025-05-14T15:10:28.849+07:00  INFO 28212 --- [ShoppiBackEnd] [RMI TCP Connection(16)-127.0.0.1] j.LocalContainerEntityManagerFactoryBean : Closing JPA EntityManagerFactory for persistence unit 'default'
2025-05-14T15:10:28.851+07:00  INFO 28212 --- [ShoppiBackEnd] [RMI TCP Connection(16)-127.0.0.1] com.zaxxer.hikari.HikariDataSource       : HikariPool-1 - Shutdown initiated...
2025-05-14T15:10:28.857+07:00  INFO 28212 --- [ShoppiBackEnd] [RMI TCP Connection(16)-127.0.0.1] com.zaxxer.hikari.HikariDataSource       : HikariPool-1 - Shutdown completed.
2025-05-14T15:10:30.934+07:00  INFO 17144 --- [ShoppiBackEnd] [restartedMain] c.shoppi.admin.ShoppiBackEndApplication  : Starting ShoppiBackEndApplication using Java 21.0.6 with PID 17144 (D:\PROJECTS\WEB_EMERCE\ShoppiProject\ShoppiWebParent\ShoppiBackEnd\target\classes started by haich_ahutcq2 in D:\PROJECTS\WEB_EMERCE\ShoppiProject\ShoppiWebParent\ShoppiBackEnd)
2025-05-14T15:10:30.936+07:00  INFO 17144 --- [ShoppiBackEnd] [restartedMain] c.shoppi.admin.ShoppiBackEndApplication  : No active profile set, falling back to 1 default profile: "default"
2025-05-14T15:10:30.969+07:00  INFO 17144 --- [ShoppiBackEnd] [restartedMain] .e.DevToolsPropertyDefaultsPostProcessor : Devtools property defaults active! Set 'spring.devtools.add-properties' to 'false' to disable
2025-05-14T15:10:30.969+07:00  INFO 17144 --- [ShoppiBackEnd] [restartedMain] .e.DevToolsPropertyDefaultsPostProcessor : For additional web related logging consider setting the 'logging.level.web' property to 'DEBUG'
2025-05-14T15:10:31.439+07:00  INFO 17144 --- [ShoppiBackEnd] [restartedMain] .s.d.r.c.RepositoryConfigurationDelegate : Bootstrapping Spring Data JPA repositories in DEFAULT mode.
2025-05-14T15:10:31.483+07:00  INFO 17144 --- [ShoppiBackEnd] [restartedMain] .s.d.r.c.RepositoryConfigurationDelegate : Finished Spring Data repository scanning in 37 ms. Found 2 JPA repository interfaces.
2025-05-14T15:10:31.882+07:00  INFO 17144 --- [ShoppiBackEnd] [restartedMain] o.s.b.w.embedded.tomcat.TomcatWebServer  : Tomcat initialized with port 8080 (http)
2025-05-14T15:10:31.892+07:00  INFO 17144 --- [ShoppiBackEnd] [restartedMain] o.apache.catalina.core.StandardService   : Starting service [Tomcat]
2025-05-14T15:10:31.893+07:00  INFO 17144 --- [ShoppiBackEnd] [restartedMain] o.apache.catalina.core.StandardEngine    : Starting Servlet engine: [Apache Tomcat/10.1.39]
2025-05-14T15:10:31.971+07:00  INFO 17144 --- [ShoppiBackEnd] [restartedMain] o.a.c.c.C.[.[localhost].[/ShoppiAdmin]   : Initializing Spring embedded WebApplicationContext
2025-05-14T15:10:31.971+07:00  INFO 17144 --- [ShoppiBackEnd] [restartedMain] w.s.c.ServletWebServerApplicationContext : Root WebApplicationContext: initialization completed in 1001 ms
2025-05-14T15:10:32.028+07:00  WARN 17144 --- [ShoppiBackEnd] [restartedMain] o.a.c.c.C.[.[localhost].[/ShoppiAdmin]   : Cannot deserialize session attribute [SPRING_SECURITY_CONTEXT] for session [13E4611A353B7E7C433EC4A0708526E1]
2025-05-14T15:10:32.123+07:00  INFO 17144 --- [ShoppiBackEnd] [restartedMain] o.hibernate.jpa.internal.util.LogHelper  : HHH000204: Processing PersistenceUnitInfo [name: default]
2025-05-14T15:10:32.170+07:00  INFO 17144 --- [ShoppiBackEnd] [restartedMain] org.hibernate.Version                    : HHH000412: Hibernate ORM core version 6.6.11.Final
2025-05-14T15:10:32.200+07:00  INFO 17144 --- [ShoppiBackEnd] [restartedMain] o.h.c.internal.RegionFactoryInitiator    : HHH000026: Second-level cache disabled
2025-05-14T15:10:32.434+07:00  INFO 17144 --- [ShoppiBackEnd] [restartedMain] o.s.o.j.p.SpringPersistenceUnitInfo      : No LoadTimeWeaver setup: ignoring JPA class transformer
2025-05-14T15:10:32.460+07:00  INFO 17144 --- [ShoppiBackEnd] [restartedMain] com.zaxxer.hikari.HikariDataSource       : HikariPool-1 - Starting...
2025-05-14T15:10:32.703+07:00  INFO 17144 --- [ShoppiBackEnd] [restartedMain] com.zaxxer.hikari.pool.HikariPool        : HikariPool-1 - Added connection com.mysql.cj.jdbc.ConnectionImpl@72e0f6be
2025-05-14T15:10:32.705+07:00  INFO 17144 --- [ShoppiBackEnd] [restartedMain] com.zaxxer.hikari.HikariDataSource       : HikariPool-1 - Start completed.
2025-05-14T15:10:32.737+07:00  WARN 17144 --- [ShoppiBackEnd] [restartedMain] org.hibernate.orm.deprecation            : HHH90000025: MySQL8Dialect does not need to be specified explicitly using 'hibernate.dialect' (remove the property setting and it will be selected by default)
2025-05-14T15:10:32.738+07:00  WARN 17144 --- [ShoppiBackEnd] [restartedMain] org.hibernate.orm.deprecation            : HHH90000026: MySQL8Dialect has been deprecated; use org.hibernate.dialect.MySQLDialect instead
2025-05-14T15:10:32.752+07:00  INFO 17144 --- [ShoppiBackEnd] [restartedMain] org.hibernate.orm.connections.pooling    : HHH10001005: Database info:
	Database JDBC URL [Connecting through datasource 'HikariDataSource (HikariPool-1)']
	Database driver: undefined/unknown
	Database version: 8.0
	Autocommit mode: undefined/unknown
	Isolation level: undefined/unknown
	Minimum pool size: undefined/unknown
	Maximum pool size: undefined/unknown
2025-05-14T15:10:33.448+07:00  INFO 17144 --- [ShoppiBackEnd] [restartedMain] o.h.e.t.j.p.i.JtaPlatformInitiator       : HHH000489: No JTA platform available (set 'hibernate.transaction.jta.platform' to enable JTA platform integration)
2025-05-14T15:10:33.509+07:00  INFO 17144 --- [ShoppiBackEnd] [restartedMain] j.LocalContainerEntityManagerFactoryBean : Initialized JPA EntityManagerFactory for persistence unit 'default'
2025-05-14T15:10:33.684+07:00  INFO 17144 --- [ShoppiBackEnd] [restartedMain] o.s.d.j.r.query.QueryEnhancerFactory     : Hibernate is in classpath; If applicable, HQL parser will be used.
2025-05-14T15:10:34.628+07:00  WARN 17144 --- [ShoppiBackEnd] [restartedMain] JpaBaseConfiguration$JpaWebConfiguration : spring.jpa.open-in-view is enabled by default. Therefore, database queries may be performed during view rendering. Explicitly configure spring.jpa.open-in-view to disable this warning
2025-05-14T15:10:34.645+07:00  INFO 17144 --- [ShoppiBackEnd] [restartedMain] r$InitializeUserDetailsManagerConfigurer : Global AuthenticationManager configured with UserDetailsService bean with name userDetailsService
2025-05-14T15:10:34.698+07:00  INFO 17144 --- [ShoppiBackEnd] [restartedMain] o.s.b.a.w.s.WelcomePageHandlerMapping    : Adding welcome page template: index
2025-05-14T15:10:35.070+07:00  WARN 17144 --- [ShoppiBackEnd] [restartedMain] o.s.s.c.a.web.builders.WebSecurity       : You are asking Spring Security to ignore Deferred [Mvc [pattern='/images/**'], Ant [pattern='/images/**']]. This is not recommended -- please use permitAll via HttpSecurity#authorizeHttpRequests instead.
2025-05-14T15:10:35.071+07:00  WARN 17144 --- [ShoppiBackEnd] [restartedMain] o.s.s.c.a.web.builders.WebSecurity       : You are asking Spring Security to ignore Deferred [Mvc [pattern='/js/**'], Ant [pattern='/js/**']]. This is not recommended -- please use permitAll via HttpSecurity#authorizeHttpRequests instead.
2025-05-14T15:10:35.071+07:00  WARN 17144 --- [ShoppiBackEnd] [restartedMain] o.s.s.c.a.web.builders.WebSecurity       : You are asking Spring Security to ignore Deferred [Mvc [pattern='/webjars/**'], Ant [pattern='/webjars/**']]. This is not recommended -- please use permitAll via HttpSecurity#authorizeHttpRequests instead.
2025-05-14T15:10:35.263+07:00  INFO 17144 --- [ShoppiBackEnd] [restartedMain] o.s.b.d.a.OptionalLiveReloadServer       : LiveReload server is running on port 35729
2025-05-14T15:10:35.296+07:00  INFO 17144 --- [ShoppiBackEnd] [restartedMain] o.s.b.w.embedded.tomcat.TomcatWebServer  : Tomcat started on port 8080 (http) with context path '/ShoppiAdmin'
2025-05-14T15:10:35.302+07:00  INFO 17144 --- [ShoppiBackEnd] [restartedMain] c.shoppi.admin.ShoppiBackEndApplication  : Started ShoppiBackEndApplication in 4.644 seconds (process running for 5.258)
2025-05-14T15:10:35.864+07:00  INFO 17144 --- [ShoppiBackEnd] [http-nio-8080-exec-1] o.a.c.c.C.[.[localhost].[/ShoppiAdmin]   : Initializing Spring DispatcherServlet 'dispatcherServlet'
2025-05-14T15:10:35.864+07:00  INFO 17144 --- [ShoppiBackEnd] [http-nio-8080-exec-1] o.s.web.servlet.DispatcherServlet        : Initializing Servlet 'dispatcherServlet'
2025-05-14T15:10:35.865+07:00  INFO 17144 --- [ShoppiBackEnd] [http-nio-8080-exec-1] o.s.web.servlet.DispatcherServlet        : Completed initialization in 1 ms
2025-05-14T15:10:42.099+07:00  WARN 17144 --- [ShoppiBackEnd] [http-nio-8080-exec-6] actStandardFragmentInsertionTagProcessor : [THYMELEAF][http-nio-8080-exec-6][users/user_form] Deprecated unwrapped fragment expression "fragments :: page_head(${pageTitle})" found in template users/user_form, line 3, col 7. Please use the complete syntax of fragment expressions instead ("~{fragments :: page_head(${pageTitle})}"). The old, unwrapped syntax for fragment expressions will be removed in future versions of Thymeleaf.
2025-05-14T15:10:42.164+07:00  WARN 17144 --- [ShoppiBackEnd] [http-nio-8080-exec-6] actStandardFragmentInsertionTagProcessor : [THYMELEAF][http-nio-8080-exec-6][users/user_form] Deprecated unwrapped fragment expression "fragments :: footer" found in template users/user_form, line 153, col 7. Please use the complete syntax of fragment expressions instead ("~{fragments :: footer}"). The old, unwrapped syntax for fragment expressions will be removed in future versions of Thymeleaf.
2025-05-14T15:10:46.594+07:00  WARN 17144 --- [ShoppiBackEnd] [http-nio-8080-exec-6] actStandardFragmentInsertionTagProcessor : [THYMELEAF][http-nio-8080-exec-6][users/users] Deprecated unwrapped fragment expression "fragments :: page_head('Users - Shopme Admin')" found in template users/users, line 3, col 7. Please use the complete syntax of fragment expressions instead ("~{fragments :: page_head('Users - Shopme Admin')}"). The old, unwrapped syntax for fragment expressions will be removed in future versions of Thymeleaf.
2025-05-14T15:10:46.597+07:00  WARN 17144 --- [ShoppiBackEnd] [http-nio-8080-exec-6] actStandardFragmentInsertionTagProcessor : [THYMELEAF][http-nio-8080-exec-6][users/users] Deprecated unwrapped fragment expression "navigation :: menu" found in template users/users, line 6, col 7. Please use the complete syntax of fragment expressions instead ("~{navigation :: menu}"). The old, unwrapped syntax for fragment expressions will be removed in future versions of Thymeleaf.
2025-05-14T15:10:46.625+07:00  WARN 17144 --- [ShoppiBackEnd] [http-nio-8080-exec-6] actStandardFragmentInsertionTagProcessor : [THYMELEAF][http-nio-8080-exec-6][users/users] Deprecated unwrapped fragment expression "fragments :: column_link('id', 'User ID', 'tag')" found in template users/users, line 45, col 11. Please use the complete syntax of fragment expressions instead ("~{fragments :: column_link('id', 'User ID', 'tag')}"). The old, unwrapped syntax for fragment expressions will be removed in future versions of Thymeleaf.
2025-05-14T15:10:46.629+07:00  WARN 17144 --- [ShoppiBackEnd] [http-nio-8080-exec-6] actStandardFragmentInsertionTagProcessor : [THYMELEAF][http-nio-8080-exec-6][users/users] Deprecated unwrapped fragment expression "fragments :: column_link('email', 'E-mail', 'tag')" found in template users/users, line 51, col 11. Please use the complete syntax of fragment expressions instead ("~{fragments :: column_link('email', 'E-mail', 'tag')}"). The old, unwrapped syntax for fragment expressions will be removed in future versions of Thymeleaf.
2025-05-14T15:10:46.631+07:00  WARN 17144 --- [ShoppiBackEnd] [http-nio-8080-exec-6] actStandardFragmentInsertionTagProcessor : [THYMELEAF][http-nio-8080-exec-6][users/users] Deprecated unwrapped fragment expression "fragments :: column_link('firstName', 'First Name', 'none')" found in template users/users, line 54, col 10. Please use the complete syntax of fragment expressions instead ("~{fragments :: column_link('firstName', 'First Name', 'none')}"). The old, unwrapped syntax for fragment expressions will be removed in future versions of Thymeleaf.
2025-05-14T15:10:46.634+07:00  WARN 17144 --- [ShoppiBackEnd] [http-nio-8080-exec-6] actStandardFragmentInsertionTagProcessor : [THYMELEAF][http-nio-8080-exec-6][users/users] Deprecated unwrapped fragment expression "fragments :: column_link('lastName', 'Last Name', 'none')" found in template users/users, line 55, col 10. Please use the complete syntax of fragment expressions instead ("~{fragments :: column_link('lastName', 'Last Name', 'none')}"). The old, unwrapped syntax for fragment expressions will be removed in future versions of Thymeleaf.
2025-05-14T15:10:46.636+07:00  WARN 17144 --- [ShoppiBackEnd] [http-nio-8080-exec-6] actStandardFragmentInsertionTagProcessor : [THYMELEAF][http-nio-8080-exec-6][users/users] Deprecated unwrapped fragment expression "fragments :: column_link('enabled', 'Enabled', 'none')" found in template users/users, line 58, col 10. Please use the complete syntax of fragment expressions instead ("~{fragments :: column_link('enabled', 'Enabled', 'none')}"). The old, unwrapped syntax for fragment expressions will be removed in future versions of Thymeleaf.
2025-05-14T15:10:46.639+07:00  WARN 17144 --- [ShoppiBackEnd] [http-nio-8080-exec-6] actStandardFragmentInsertionTagProcessor : [THYMELEAF][http-nio-8080-exec-6][users/users] Deprecated unwrapped fragment expression "fragments :: user_photos" found in template users/users, line 66, col 12. Please use the complete syntax of fragment expressions instead ("~{fragments :: user_photos}"). The old, unwrapped syntax for fragment expressions will be removed in future versions of Thymeleaf.
2025-05-14T15:10:46.642+07:00  WARN 17144 --- [ShoppiBackEnd] [http-nio-8080-exec-6] actStandardFragmentInsertionTagProcessor : [THYMELEAF][http-nio-8080-exec-6][users/users] Deprecated unwrapped fragment expression "fragments :: user_status" found in template users/users, line 74, col 12. Please use the complete syntax of fragment expressions instead ("~{fragments :: user_status}"). The old, unwrapped syntax for fragment expressions will be removed in future versions of Thymeleaf.
2025-05-14T15:10:46.644+07:00  WARN 17144 --- [ShoppiBackEnd] [http-nio-8080-exec-6] actStandardFragmentInsertionTagProcessor : [THYMELEAF][http-nio-8080-exec-6][users/users] Deprecated unwrapped fragment expression "fragments :: user_actions" found in template users/users, line 78, col 12. Please use the complete syntax of fragment expressions instead ("~{fragments :: user_actions}"). The old, unwrapped syntax for fragment expressions will be removed in future versions of Thymeleaf.
2025-05-14T15:10:46.648+07:00  WARN 17144 --- [ShoppiBackEnd] [http-nio-8080-exec-6] actStandardFragmentInsertionTagProcessor : [THYMELEAF][http-nio-8080-exec-6][users/users] Deprecated unwrapped fragment expression "fragments :: user_photos" found in template users/users, line 66, col 12. Please use the complete syntax of fragment expressions instead ("~{fragments :: user_photos}"). The old, unwrapped syntax for fragment expressions will be removed in future versions of Thymeleaf.
2025-05-14T15:10:46.651+07:00  WARN 17144 --- [ShoppiBackEnd] [http-nio-8080-exec-6] actStandardFragmentInsertionTagProcessor : [THYMELEAF][http-nio-8080-exec-6][users/users] Deprecated unwrapped fragment expression "fragments :: user_status" found in template users/users, line 74, col 12. Please use the complete syntax of fragment expressions instead ("~{fragments :: user_status}"). The old, unwrapped syntax for fragment expressions will be removed in future versions of Thymeleaf.
2025-05-14T15:10:46.652+07:00  WARN 17144 --- [ShoppiBackEnd] [http-nio-8080-exec-6] actStandardFragmentInsertionTagProcessor : [THYMELEAF][http-nio-8080-exec-6][users/users] Deprecated unwrapped fragment expression "fragments :: user_actions" found in template users/users, line 78, col 12. Please use the complete syntax of fragment expressions instead ("~{fragments :: user_actions}"). The old, unwrapped syntax for fragment expressions will be removed in future versions of Thymeleaf.
2025-05-14T15:10:46.655+07:00  WARN 17144 --- [ShoppiBackEnd] [http-nio-8080-exec-6] actStandardFragmentInsertionTagProcessor : [THYMELEAF][http-nio-8080-exec-6][users/users] Deprecated unwrapped fragment expression "fragments :: user_photos" found in template users/users, line 66, col 12. Please use the complete syntax of fragment expressions instead ("~{fragments :: user_photos}"). The old, unwrapped syntax for fragment expressions will be removed in future versions of Thymeleaf.
2025-05-14T15:10:46.657+07:00  WARN 17144 --- [ShoppiBackEnd] [http-nio-8080-exec-6] actStandardFragmentInsertionTagProcessor : [THYMELEAF][http-nio-8080-exec-6][users/users] Deprecated unwrapped fragment expression "fragments :: user_status" found in template users/users, line 74, col 12. Please use the complete syntax of fragment expressions instead ("~{fragments :: user_status}"). The old, unwrapped syntax for fragment expressions will be removed in future versions of Thymeleaf.
2025-05-14T15:10:46.659+07:00  WARN 17144 --- [ShoppiBackEnd] [http-nio-8080-exec-6] actStandardFragmentInsertionTagProcessor : [THYMELEAF][http-nio-8080-exec-6][users/users] Deprecated unwrapped fragment expression "fragments :: user_actions" found in template users/users, line 78, col 12. Please use the complete syntax of fragment expressions instead ("~{fragments :: user_actions}"). The old, unwrapped syntax for fragment expressions will be removed in future versions of Thymeleaf.
2025-05-14T15:10:46.662+07:00  WARN 17144 --- [ShoppiBackEnd] [http-nio-8080-exec-6] actStandardFragmentInsertionTagProcessor : [THYMELEAF][http-nio-8080-exec-6][users/users] Deprecated unwrapped fragment expression "fragments :: user_photos" found in template users/users, line 66, col 12. Please use the complete syntax of fragment expressions instead ("~{fragments :: user_photos}"). The old, unwrapped syntax for fragment expressions will be removed in future versions of Thymeleaf.
2025-05-14T15:10:46.663+07:00  WARN 17144 --- [ShoppiBackEnd] [http-nio-8080-exec-6] actStandardFragmentInsertionTagProcessor : [THYMELEAF][http-nio-8080-exec-6][users/users] Deprecated unwrapped fragment expression "fragments :: user_status" found in template users/users, line 74, col 12. Please use the complete syntax of fragment expressions instead ("~{fragments :: user_status}"). The old, unwrapped syntax for fragment expressions will be removed in future versions of Thymeleaf.
2025-05-14T15:10:46.667+07:00  WARN 17144 --- [ShoppiBackEnd] [http-nio-8080-exec-6] actStandardFragmentInsertionTagProcessor : [THYMELEAF][http-nio-8080-exec-6][users/users] Deprecated unwrapped fragment expression "fragments :: user_actions" found in template users/users, line 78, col 12. Please use the complete syntax of fragment expressions instead ("~{fragments :: user_actions}"). The old, unwrapped syntax for fragment expressions will be removed in future versions of Thymeleaf.
2025-05-14T15:10:46.670+07:00  WARN 17144 --- [ShoppiBackEnd] [http-nio-8080-exec-6] actStandardFragmentInsertionTagProcessor : [THYMELEAF][http-nio-8080-exec-6][users/users] Deprecated unwrapped fragment expression "fragments :: user_photos" found in template users/users, line 88, col 10. Please use the complete syntax of fragment expressions instead ("~{fragments :: user_photos}"). The old, unwrapped syntax for fragment expressions will be removed in future versions of Thymeleaf.
2025-05-14T15:10:46.672+07:00  WARN 17144 --- [ShoppiBackEnd] [http-nio-8080-exec-6] actStandardFragmentInsertionTagProcessor : [THYMELEAF][http-nio-8080-exec-6][users/users] Deprecated unwrapped fragment expression "fragments :: user_status" found in template users/users, line 94, col 11. Please use the complete syntax of fragment expressions instead ("~{fragments :: user_status}"). The old, unwrapped syntax for fragment expressions will be removed in future versions of Thymeleaf.
2025-05-14T15:10:46.673+07:00  WARN 17144 --- [ShoppiBackEnd] [http-nio-8080-exec-6] actStandardFragmentInsertionTagProcessor : [THYMELEAF][http-nio-8080-exec-6][users/users] Deprecated unwrapped fragment expression "fragments :: user_actions" found in template users/users, line 96, col 11. Please use the complete syntax of fragment expressions instead ("~{fragments :: user_actions}"). The old, unwrapped syntax for fragment expressions will be removed in future versions of Thymeleaf.
2025-05-14T15:10:46.675+07:00  WARN 17144 --- [ShoppiBackEnd] [http-nio-8080-exec-6] actStandardFragmentInsertionTagProcessor : [THYMELEAF][http-nio-8080-exec-6][users/users] Deprecated unwrapped fragment expression "fragments :: user_photos" found in template users/users, line 88, col 10. Please use the complete syntax of fragment expressions instead ("~{fragments :: user_photos}"). The old, unwrapped syntax for fragment expressions will be removed in future versions of Thymeleaf.
2025-05-14T15:10:46.676+07:00  WARN 17144 --- [ShoppiBackEnd] [http-nio-8080-exec-6] actStandardFragmentInsertionTagProcessor : [THYMELEAF][http-nio-8080-exec-6][users/users] Deprecated unwrapped fragment expression "fragments :: user_status" found in template users/users, line 94, col 11. Please use the complete syntax of fragment expressions instead ("~{fragments :: user_status}"). The old, unwrapped syntax for fragment expressions will be removed in future versions of Thymeleaf.
2025-05-14T15:10:46.678+07:00  WARN 17144 --- [ShoppiBackEnd] [http-nio-8080-exec-6] actStandardFragmentInsertionTagProcessor : [THYMELEAF][http-nio-8080-exec-6][users/users] Deprecated unwrapped fragment expression "fragments :: user_actions" found in template users/users, line 96, col 11. Please use the complete syntax of fragment expressions instead ("~{fragments :: user_actions}"). The old, unwrapped syntax for fragment expressions will be removed in future versions of Thymeleaf.
2025-05-14T15:10:46.680+07:00  WARN 17144 --- [ShoppiBackEnd] [http-nio-8080-exec-6] actStandardFragmentInsertionTagProcessor : [THYMELEAF][http-nio-8080-exec-6][users/users] Deprecated unwrapped fragment expression "fragments :: user_photos" found in template users/users, line 88, col 10. Please use the complete syntax of fragment expressions instead ("~{fragments :: user_photos}"). The old, unwrapped syntax for fragment expressions will be removed in future versions of Thymeleaf.
2025-05-14T15:10:46.681+07:00  WARN 17144 --- [ShoppiBackEnd] [http-nio-8080-exec-6] actStandardFragmentInsertionTagProcessor : [THYMELEAF][http-nio-8080-exec-6][users/users] Deprecated unwrapped fragment expression "fragments :: user_status" found in template users/users, line 94, col 11. Please use the complete syntax of fragment expressions instead ("~{fragments :: user_status}"). The old, unwrapped syntax for fragment expressions will be removed in future versions of Thymeleaf.
2025-05-14T15:10:46.682+07:00  WARN 17144 --- [ShoppiBackEnd] [http-nio-8080-exec-6] actStandardFragmentInsertionTagProcessor : [THYMELEAF][http-nio-8080-exec-6][users/users] Deprecated unwrapped fragment expression "fragments :: user_actions" found in template users/users, line 96, col 11. Please use the complete syntax of fragment expressions instead ("~{fragments :: user_actions}"). The old, unwrapped syntax for fragment expressions will be removed in future versions of Thymeleaf.
2025-05-14T15:10:46.684+07:00  WARN 17144 --- [ShoppiBackEnd] [http-nio-8080-exec-6] actStandardFragmentInsertionTagProcessor : [THYMELEAF][http-nio-8080-exec-6][users/users] Deprecated unwrapped fragment expression "fragments :: user_photos" found in template users/users, line 88, col 10. Please use the complete syntax of fragment expressions instead ("~{fragments :: user_photos}"). The old, unwrapped syntax for fragment expressions will be removed in future versions of Thymeleaf.
2025-05-14T15:10:46.685+07:00  WARN 17144 --- [ShoppiBackEnd] [http-nio-8080-exec-6] actStandardFragmentInsertionTagProcessor : [THYMELEAF][http-nio-8080-exec-6][users/users] Deprecated unwrapped fragment expression "fragments :: user_status" found in template users/users, line 94, col 11. Please use the complete syntax of fragment expressions instead ("~{fragments :: user_status}"). The old, unwrapped syntax for fragment expressions will be removed in future versions of Thymeleaf.
2025-05-14T15:10:46.687+07:00  WARN 17144 --- [ShoppiBackEnd] [http-nio-8080-exec-6] actStandardFragmentInsertionTagProcessor : [THYMELEAF][http-nio-8080-exec-6][users/users] Deprecated unwrapped fragment expression "fragments :: user_actions" found in template users/users, line 96, col 11. Please use the complete syntax of fragment expressions instead ("~{fragments :: user_actions}"). The old, unwrapped syntax for fragment expressions will be removed in future versions of Thymeleaf.
2025-05-14T15:10:46.689+07:00  WARN 17144 --- [ShoppiBackEnd] [http-nio-8080-exec-6] actStandardFragmentInsertionTagProcessor : [THYMELEAF][http-nio-8080-exec-6][users/users] Deprecated unwrapped fragment expression "fragments :: page_link(1, 'First')" found in template users/users, line 114, col 11. Please use the complete syntax of fragment expressions instead ("~{fragments :: page_link(1, 'First')}"). The old, unwrapped syntax for fragment expressions will be removed in future versions of Thymeleaf.
2025-05-14T15:10:46.691+07:00  WARN 17144 --- [ShoppiBackEnd] [http-nio-8080-exec-6] actStandardFragmentInsertionTagProcessor : [THYMELEAF][http-nio-8080-exec-6][users/users] Deprecated unwrapped fragment expression "fragments :: page_link(${currentPage - 1}, 'Previous')" found in template users/users, line 117, col 11. Please use the complete syntax of fragment expressions instead ("~{fragments :: page_link(${currentPage - 1}, 'Previous')}"). The old, unwrapped syntax for fragment expressions will be removed in future versions of Thymeleaf.
2025-05-14T15:10:46.696+07:00  WARN 17144 --- [ShoppiBackEnd] [http-nio-8080-exec-6] actStandardFragmentInsertionTagProcessor : [THYMELEAF][http-nio-8080-exec-6][users/users] Deprecated unwrapped fragment expression "fragments :: page_link(${i}, ${i})" found in template users/users, line 122, col 11. Please use the complete syntax of fragment expressions instead ("~{fragments :: page_link(${i}, ${i})}"). The old, unwrapped syntax for fragment expressions will be removed in future versions of Thymeleaf.
2025-05-14T15:10:46.698+07:00  WARN 17144 --- [ShoppiBackEnd] [http-nio-8080-exec-6] actStandardFragmentInsertionTagProcessor : [THYMELEAF][http-nio-8080-exec-6][users/users] Deprecated unwrapped fragment expression "fragments :: page_link(${i}, ${i})" found in template users/users, line 122, col 11. Please use the complete syntax of fragment expressions instead ("~{fragments :: page_link(${i}, ${i})}"). The old, unwrapped syntax for fragment expressions will be removed in future versions of Thymeleaf.
2025-05-14T15:10:46.700+07:00  WARN 17144 --- [ShoppiBackEnd] [http-nio-8080-exec-6] actStandardFragmentInsertionTagProcessor : [THYMELEAF][http-nio-8080-exec-6][users/users] Deprecated unwrapped fragment expression "fragments :: page_link(${i}, ${i})" found in template users/users, line 122, col 11. Please use the complete syntax of fragment expressions instead ("~{fragments :: page_link(${i}, ${i})}"). The old, unwrapped syntax for fragment expressions will be removed in future versions of Thymeleaf.
2025-05-14T15:10:46.702+07:00  WARN 17144 --- [ShoppiBackEnd] [http-nio-8080-exec-6] actStandardFragmentInsertionTagProcessor : [THYMELEAF][http-nio-8080-exec-6][users/users] Deprecated unwrapped fragment expression "fragments :: page_link(${i}, ${i})" found in template users/users, line 122, col 11. Please use the complete syntax of fragment expressions instead ("~{fragments :: page_link(${i}, ${i})}"). The old, unwrapped syntax for fragment expressions will be removed in future versions of Thymeleaf.
2025-05-14T15:10:46.704+07:00  WARN 17144 --- [ShoppiBackEnd] [http-nio-8080-exec-6] actStandardFragmentInsertionTagProcessor : [THYMELEAF][http-nio-8080-exec-6][users/users] Deprecated unwrapped fragment expression "fragments :: page_link(${i}, ${i})" found in template users/users, line 122, col 11. Please use the complete syntax of fragment expressions instead ("~{fragments :: page_link(${i}, ${i})}"). The old, unwrapped syntax for fragment expressions will be removed in future versions of Thymeleaf.
2025-05-14T15:10:46.705+07:00  WARN 17144 --- [ShoppiBackEnd] [http-nio-8080-exec-6] actStandardFragmentInsertionTagProcessor : [THYMELEAF][http-nio-8080-exec-6][users/users] Deprecated unwrapped fragment expression "fragments :: page_link(${i}, ${i})" found in template users/users, line 122, col 11. Please use the complete syntax of fragment expressions instead ("~{fragments :: page_link(${i}, ${i})}"). The old, unwrapped syntax for fragment expressions will be removed in future versions of Thymeleaf.
2025-05-14T15:10:46.708+07:00  WARN 17144 --- [ShoppiBackEnd] [http-nio-8080-exec-6] actStandardFragmentInsertionTagProcessor : [THYMELEAF][http-nio-8080-exec-6][users/users] Deprecated unwrapped fragment expression "fragments :: page_link(${currentPage + 1}, 'Next')" found in template users/users, line 126, col 11. Please use the complete syntax of fragment expressions instead ("~{fragments :: page_link(${currentPage + 1}, 'Next')}"). The old, unwrapped syntax for fragment expressions will be removed in future versions of Thymeleaf.
2025-05-14T15:10:46.709+07:00  WARN 17144 --- [ShoppiBackEnd] [http-nio-8080-exec-6] actStandardFragmentInsertionTagProcessor : [THYMELEAF][http-nio-8080-exec-6][users/users] Deprecated unwrapped fragment expression "fragments :: page_link(${totalPages}, 'Last')" found in template users/users, line 130, col 11. Please use the complete syntax of fragment expressions instead ("~{fragments :: page_link(${totalPages}, 'Last')}"). The old, unwrapped syntax for fragment expressions will be removed in future versions of Thymeleaf.
2025-05-14T15:10:46.710+07:00  WARN 17144 --- [ShoppiBackEnd] [http-nio-8080-exec-6] actStandardFragmentInsertionTagProcessor : [THYMELEAF][http-nio-8080-exec-6][users/users] Deprecated unwrapped fragment expression "fragments :: footer" found in template users/users, line 156, col 7. Please use the complete syntax of fragment expressions instead ("~{fragments :: footer}"). The old, unwrapped syntax for fragment expressions will be removed in future versions of Thymeleaf.
2025-05-14T15:10:49.216+07:00  WARN 17144 --- [ShoppiBackEnd] [http-nio-8080-exec-10] actStandardFragmentInsertionTagProcessor : [THYMELEAF][http-nio-8080-exec-10][users/users] Deprecated unwrapped fragment expression "fragments :: page_head('Users - Shopme Admin')" found in template users/users, line 3, col 7. Please use the complete syntax of fragment expressions instead ("~{fragments :: page_head('Users - Shopme Admin')}"). The old, unwrapped syntax for fragment expressions will be removed in future versions of Thymeleaf.
2025-05-14T15:10:49.218+07:00  WARN 17144 --- [ShoppiBackEnd] [http-nio-8080-exec-10] actStandardFragmentInsertionTagProcessor : [THYMELEAF][http-nio-8080-exec-10][users/users] Deprecated unwrapped fragment expression "navigation :: menu" found in template users/users, line 6, col 7. Please use the complete syntax of fragment expressions instead ("~{navigation :: menu}"). The old, unwrapped syntax for fragment expressions will be removed in future versions of Thymeleaf.
2025-05-14T15:10:49.234+07:00  WARN 17144 --- [ShoppiBackEnd] [http-nio-8080-exec-10] actStandardFragmentInsertionTagProcessor : [THYMELEAF][http-nio-8080-exec-10][users/users] Deprecated unwrapped fragment expression "fragments :: column_link('id', 'User ID', 'tag')" found in template users/users, line 45, col 11. Please use the complete syntax of fragment expressions instead ("~{fragments :: column_link('id', 'User ID', 'tag')}"). The old, unwrapped syntax for fragment expressions will be removed in future versions of Thymeleaf.
2025-05-14T15:10:49.235+07:00  WARN 17144 --- [ShoppiBackEnd] [http-nio-8080-exec-10] actStandardFragmentInsertionTagProcessor : [THYMELEAF][http-nio-8080-exec-10][users/users] Deprecated unwrapped fragment expression "fragments :: column_link('email', 'E-mail', 'tag')" found in template users/users, line 51, col 11. Please use the complete syntax of fragment expressions instead ("~{fragments :: column_link('email', 'E-mail', 'tag')}"). The old, unwrapped syntax for fragment expressions will be removed in future versions of Thymeleaf.
2025-05-14T15:10:49.237+07:00  WARN 17144 --- [ShoppiBackEnd] [http-nio-8080-exec-10] actStandardFragmentInsertionTagProcessor : [THYMELEAF][http-nio-8080-exec-10][users/users] Deprecated unwrapped fragment expression "fragments :: column_link('firstName', 'First Name', 'none')" found in template users/users, line 54, col 10. Please use the complete syntax of fragment expressions instead ("~{fragments :: column_link('firstName', 'First Name', 'none')}"). The old, unwrapped syntax for fragment expressions will be removed in future versions of Thymeleaf.
2025-05-14T15:10:49.238+07:00  WARN 17144 --- [ShoppiBackEnd] [http-nio-8080-exec-10] actStandardFragmentInsertionTagProcessor : [THYMELEAF][http-nio-8080-exec-10][users/users] Deprecated unwrapped fragment expression "fragments :: column_link('lastName', 'Last Name', 'none')" found in template users/users, line 55, col 10. Please use the complete syntax of fragment expressions instead ("~{fragments :: column_link('lastName', 'Last Name', 'none')}"). The old, unwrapped syntax for fragment expressions will be removed in future versions of Thymeleaf.
2025-05-14T15:10:49.240+07:00  WARN 17144 --- [ShoppiBackEnd] [http-nio-8080-exec-10] actStandardFragmentInsertionTagProcessor : [THYMELEAF][http-nio-8080-exec-10][users/users] Deprecated unwrapped fragment expression "fragments :: column_link('enabled', 'Enabled', 'none')" found in template users/users, line 58, col 10. Please use the complete syntax of fragment expressions instead ("~{fragments :: column_link('enabled', 'Enabled', 'none')}"). The old, unwrapped syntax for fragment expressions will be removed in future versions of Thymeleaf.
2025-05-14T15:10:49.241+07:00  WARN 17144 --- [ShoppiBackEnd] [http-nio-8080-exec-10] actStandardFragmentInsertionTagProcessor : [THYMELEAF][http-nio-8080-exec-10][users/users] Deprecated unwrapped fragment expression "fragments :: user_photos" found in template users/users, line 66, col 12. Please use the complete syntax of fragment expressions instead ("~{fragments :: user_photos}"). The old, unwrapped syntax for fragment expressions will be removed in future versions of Thymeleaf.
2025-05-14T15:10:49.243+07:00  WARN 17144 --- [ShoppiBackEnd] [http-nio-8080-exec-10] actStandardFragmentInsertionTagProcessor : [THYMELEAF][http-nio-8080-exec-10][users/users] Deprecated unwrapped fragment expression "fragments :: user_status" found in template users/users, line 74, col 12. Please use the complete syntax of fragment expressions instead ("~{fragments :: user_status}"). The old, unwrapped syntax for fragment expressions will be removed in future versions of Thymeleaf.
2025-05-14T15:10:49.245+07:00  WARN 17144 --- [ShoppiBackEnd] [http-nio-8080-exec-10] actStandardFragmentInsertionTagProcessor : [THYMELEAF][http-nio-8080-exec-10][users/users] Deprecated unwrapped fragment expression "fragments :: user_actions" found in template users/users, line 78, col 12. Please use the complete syntax of fragment expressions instead ("~{fragments :: user_actions}"). The old, unwrapped syntax for fragment expressions will be removed in future versions of Thymeleaf.
2025-05-14T15:10:49.248+07:00  WARN 17144 --- [ShoppiBackEnd] [http-nio-8080-exec-10] actStandardFragmentInsertionTagProcessor : [THYMELEAF][http-nio-8080-exec-10][users/users] Deprecated unwrapped fragment expression "fragments :: user_photos" found in template users/users, line 66, col 12. Please use the complete syntax of fragment expressions instead ("~{fragments :: user_photos}"). The old, unwrapped syntax for fragment expressions will be removed in future versions of Thymeleaf.
2025-05-14T15:10:49.249+07:00  WARN 17144 --- [ShoppiBackEnd] [http-nio-8080-exec-10] actStandardFragmentInsertionTagProcessor : [THYMELEAF][http-nio-8080-exec-10][users/users] Deprecated unwrapped fragment expression "fragments :: user_status" found in template users/users, line 74, col 12. Please use the complete syntax of fragment expressions instead ("~{fragments :: user_status}"). The old, unwrapped syntax for fragment expressions will be removed in future versions of Thymeleaf.
2025-05-14T15:10:49.251+07:00  WARN 17144 --- [ShoppiBackEnd] [http-nio-8080-exec-10] actStandardFragmentInsertionTagProcessor : [THYMELEAF][http-nio-8080-exec-10][users/users] Deprecated unwrapped fragment expression "fragments :: user_actions" found in template users/users, line 78, col 12. Please use the complete syntax of fragment expressions instead ("~{fragments :: user_actions}"). The old, unwrapped syntax for fragment expressions will be removed in future versions of Thymeleaf.
2025-05-14T15:10:49.254+07:00  WARN 17144 --- [ShoppiBackEnd] [http-nio-8080-exec-10] actStandardFragmentInsertionTagProcessor : [THYMELEAF][http-nio-8080-exec-10][users/users] Deprecated unwrapped fragment expression "fragments :: user_photos" found in template users/users, line 66, col 12. Please use the complete syntax of fragment expressions instead ("~{fragments :: user_photos}"). The old, unwrapped syntax for fragment expressions will be removed in future versions of Thymeleaf.
2025-05-14T15:10:49.255+07:00  WARN 17144 --- [ShoppiBackEnd] [http-nio-8080-exec-10] actStandardFragmentInsertionTagProcessor : [THYMELEAF][http-nio-8080-exec-10][users/users] Deprecated unwrapped fragment expression "fragments :: user_status" found in template users/users, line 74, col 12. Please use the complete syntax of fragment expressions instead ("~{fragments :: user_status}"). The old, unwrapped syntax for fragment expressions will be removed in future versions of Thymeleaf.
2025-05-14T15:10:49.257+07:00  WARN 17144 --- [ShoppiBackEnd] [http-nio-8080-exec-10] actStandardFragmentInsertionTagProcessor : [THYMELEAF][http-nio-8080-exec-10][users/users] Deprecated unwrapped fragment expression "fragments :: user_actions" found in template users/users, line 78, col 12. Please use the complete syntax of fragment expressions instead ("~{fragments :: user_actions}"). The old, unwrapped syntax for fragment expressions will be removed in future versions of Thymeleaf.
2025-05-14T15:10:49.260+07:00  WARN 17144 --- [ShoppiBackEnd] [http-nio-8080-exec-10] actStandardFragmentInsertionTagProcessor : [THYMELEAF][http-nio-8080-exec-10][users/users] Deprecated unwrapped fragment expression "fragments :: user_photos" found in template users/users, line 88, col 10. Please use the complete syntax of fragment expressions instead ("~{fragments :: user_photos}"). The old, unwrapped syntax for fragment expressions will be removed in future versions of Thymeleaf.
2025-05-14T15:10:49.262+07:00  WARN 17144 --- [ShoppiBackEnd] [http-nio-8080-exec-10] actStandardFragmentInsertionTagProcessor : [THYMELEAF][http-nio-8080-exec-10][users/users] Deprecated unwrapped fragment expression "fragments :: user_status" found in template users/users, line 94, col 11. Please use the complete syntax of fragment expressions instead ("~{fragments :: user_status}"). The old, unwrapped syntax for fragment expressions will be removed in future versions of Thymeleaf.
2025-05-14T15:10:49.263+07:00  WARN 17144 --- [ShoppiBackEnd] [http-nio-8080-exec-10] actStandardFragmentInsertionTagProcessor : [THYMELEAF][http-nio-8080-exec-10][users/users] Deprecated unwrapped fragment expression "fragments :: user_actions" found in template users/users, line 96, col 11. Please use the complete syntax of fragment expressions instead ("~{fragments :: user_actions}"). The old, unwrapped syntax for fragment expressions will be removed in future versions of Thymeleaf.
2025-05-14T15:10:49.265+07:00  WARN 17144 --- [ShoppiBackEnd] [http-nio-8080-exec-10] actStandardFragmentInsertionTagProcessor : [THYMELEAF][http-nio-8080-exec-10][users/users] Deprecated unwrapped fragment expression "fragments :: user_photos" found in template users/users, line 88, col 10. Please use the complete syntax of fragment expressions instead ("~{fragments :: user_photos}"). The old, unwrapped syntax for fragment expressions will be removed in future versions of Thymeleaf.
2025-05-14T15:10:49.266+07:00  WARN 17144 --- [ShoppiBackEnd] [http-nio-8080-exec-10] actStandardFragmentInsertionTagProcessor : [THYMELEAF][http-nio-8080-exec-10][users/users] Deprecated unwrapped fragment expression "fragments :: user_status" found in template users/users, line 94, col 11. Please use the complete syntax of fragment expressions instead ("~{fragments :: user_status}"). The old, unwrapped syntax for fragment expressions will be removed in future versions of Thymeleaf.
2025-05-14T15:10:49.267+07:00  WARN 17144 --- [ShoppiBackEnd] [http-nio-8080-exec-10] actStandardFragmentInsertionTagProcessor : [THYMELEAF][http-nio-8080-exec-10][users/users] Deprecated unwrapped fragment expression "fragments :: user_actions" found in template users/users, line 96, col 11. Please use the complete syntax of fragment expressions instead ("~{fragments :: user_actions}"). The old, unwrapped syntax for fragment expressions will be removed in future versions of Thymeleaf.
2025-05-14T15:10:49.269+07:00  WARN 17144 --- [ShoppiBackEnd] [http-nio-8080-exec-10] actStandardFragmentInsertionTagProcessor : [THYMELEAF][http-nio-8080-exec-10][users/users] Deprecated unwrapped fragment expression "fragments :: user_photos" found in template users/users, line 88, col 10. Please use the complete syntax of fragment expressions instead ("~{fragments :: user_photos}"). The old, unwrapped syntax for fragment expressions will be removed in future versions of Thymeleaf.
2025-05-14T15:10:49.270+07:00  WARN 17144 --- [ShoppiBackEnd] [http-nio-8080-exec-10] actStandardFragmentInsertionTagProcessor : [THYMELEAF][http-nio-8080-exec-10][users/users] Deprecated unwrapped fragment expression "fragments :: user_status" found in template users/users, line 94, col 11. Please use the complete syntax of fragment expressions instead ("~{fragments :: user_status}"). The old, unwrapped syntax for fragment expressions will be removed in future versions of Thymeleaf.
2025-05-14T15:10:49.271+07:00  WARN 17144 --- [ShoppiBackEnd] [http-nio-8080-exec-10] actStandardFragmentInsertionTagProcessor : [THYMELEAF][http-nio-8080-exec-10][users/users] Deprecated unwrapped fragment expression "fragments :: user_actions" found in template users/users, line 96, col 11. Please use the complete syntax of fragment expressions instead ("~{fragments :: user_actions}"). The old, unwrapped syntax for fragment expressions will be removed in future versions of Thymeleaf.
2025-05-14T15:10:49.273+07:00  WARN 17144 --- [ShoppiBackEnd] [http-nio-8080-exec-10] actStandardFragmentInsertionTagProcessor : [THYMELEAF][http-nio-8080-exec-10][users/users] Deprecated unwrapped fragment expression "fragments :: page_link(1, 'First')" found in template users/users, line 114, col 11. Please use the complete syntax of fragment expressions instead ("~{fragments :: page_link(1, 'First')}"). The old, unwrapped syntax for fragment expressions will be removed in future versions of Thymeleaf.
2025-05-14T15:10:49.274+07:00  WARN 17144 --- [ShoppiBackEnd] [http-nio-8080-exec-10] actStandardFragmentInsertionTagProcessor : [THYMELEAF][http-nio-8080-exec-10][users/users] Deprecated unwrapped fragment expression "fragments :: page_link(${currentPage - 1}, 'Previous')" found in template users/users, line 117, col 11. Please use the complete syntax of fragment expressions instead ("~{fragments :: page_link(${currentPage - 1}, 'Previous')}"). The old, unwrapped syntax for fragment expressions will be removed in future versions of Thymeleaf.
2025-05-14T15:10:49.276+07:00  WARN 17144 --- [ShoppiBackEnd] [http-nio-8080-exec-10] actStandardFragmentInsertionTagProcessor : [THYMELEAF][http-nio-8080-exec-10][users/users] Deprecated unwrapped fragment expression "fragments :: page_link(${i}, ${i})" found in template users/users, line 122, col 11. Please use the complete syntax of fragment expressions instead ("~{fragments :: page_link(${i}, ${i})}"). The old, unwrapped syntax for fragment expressions will be removed in future versions of Thymeleaf.
2025-05-14T15:10:49.277+07:00  WARN 17144 --- [ShoppiBackEnd] [http-nio-8080-exec-10] actStandardFragmentInsertionTagProcessor : [THYMELEAF][http-nio-8080-exec-10][users/users] Deprecated unwrapped fragment expression "fragments :: page_link(${i}, ${i})" found in template users/users, line 122, col 11. Please use the complete syntax of fragment expressions instead ("~{fragments :: page_link(${i}, ${i})}"). The old, unwrapped syntax for fragment expressions will be removed in future versions of Thymeleaf.
2025-05-14T15:10:49.278+07:00  WARN 17144 --- [ShoppiBackEnd] [http-nio-8080-exec-10] actStandardFragmentInsertionTagProcessor : [THYMELEAF][http-nio-8080-exec-10][users/users] Deprecated unwrapped fragment expression "fragments :: page_link(${i}, ${i})" found in template users/users, line 122, col 11. Please use the complete syntax of fragment expressions instead ("~{fragments :: page_link(${i}, ${i})}"). The old, unwrapped syntax for fragment expressions will be removed in future versions of Thymeleaf.
2025-05-14T15:10:49.279+07:00  WARN 17144 --- [ShoppiBackEnd] [http-nio-8080-exec-10] actStandardFragmentInsertionTagProcessor : [THYMELEAF][http-nio-8080-exec-10][users/users] Deprecated unwrapped fragment expression "fragments :: page_link(${i}, ${i})" found in template users/users, line 122, col 11. Please use the complete syntax of fragment expressions instead ("~{fragments :: page_link(${i}, ${i})}"). The old, unwrapped syntax for fragment expressions will be removed in future versions of Thymeleaf.
2025-05-14T15:10:49.281+07:00  WARN 17144 --- [ShoppiBackEnd] [http-nio-8080-exec-10] actStandardFragmentInsertionTagProcessor : [THYMELEAF][http-nio-8080-exec-10][users/users] Deprecated unwrapped fragment expression "fragments :: page_link(${i}, ${i})" found in template users/users, line 122, col 11. Please use the complete syntax of fragment expressions instead ("~{fragments :: page_link(${i}, ${i})}"). The old, unwrapped syntax for fragment expressions will be removed in future versions of Thymeleaf.
2025-05-14T15:10:49.282+07:00  WARN 17144 --- [ShoppiBackEnd] [http-nio-8080-exec-10] actStandardFragmentInsertionTagProcessor : [THYMELEAF][http-nio-8080-exec-10][users/users] Deprecated unwrapped fragment expression "fragments :: page_link(${i}, ${i})" found in template users/users, line 122, col 11. Please use the complete syntax of fragment expressions instead ("~{fragments :: page_link(${i}, ${i})}"). The old, unwrapped syntax for fragment expressions will be removed in future versions of Thymeleaf.
2025-05-14T15:10:49.283+07:00  WARN 17144 --- [ShoppiBackEnd] [http-nio-8080-exec-10] actStandardFragmentInsertionTagProcessor : [THYMELEAF][http-nio-8080-exec-10][users/users] Deprecated unwrapped fragment expression "fragments :: page_link(${currentPage + 1}, 'Next')" found in template users/users, line 126, col 11. Please use the complete syntax of fragment expressions instead ("~{fragments :: page_link(${currentPage + 1}, 'Next')}"). The old, unwrapped syntax for fragment expressions will be removed in future versions of Thymeleaf.
2025-05-14T15:10:49.284+07:00  WARN 17144 --- [ShoppiBackEnd] [http-nio-8080-exec-10] actStandardFragmentInsertionTagProcessor : [THYMELEAF][http-nio-8080-exec-10][users/users] Deprecated unwrapped fragment expression "fragments :: page_link(${totalPages}, 'Last')" found in template users/users, line 130, col 11. Please use the complete syntax of fragment expressions instead ("~{fragments :: page_link(${totalPages}, 'Last')}"). The old, unwrapped syntax for fragment expressions will be removed in future versions of Thymeleaf.
2025-05-14T15:10:49.286+07:00  WARN 17144 --- [ShoppiBackEnd] [http-nio-8080-exec-10] actStandardFragmentInsertionTagProcessor : [THYMELEAF][http-nio-8080-exec-10][users/users] Deprecated unwrapped fragment expression "fragments :: footer" found in template users/users, line 156, col 7. Please use the complete syntax of fragment expressions instead ("~{fragments :: footer}"). The old, unwrapped syntax for fragment expressions will be removed in future versions of Thymeleaf.
2025-05-14T15:10:52.720+07:00  WARN 17144 --- [ShoppiBackEnd] [http-nio-8080-exec-9] actStandardFragmentInsertionTagProcessor : [THYMELEAF][http-nio-8080-exec-9][users/users] Deprecated unwrapped fragment expression "fragments :: page_head('Users - Shopme Admin')" found in template users/users, line 3, col 7. Please use the complete syntax of fragment expressions instead ("~{fragments :: page_head('Users - Shopme Admin')}"). The old, unwrapped syntax for fragment expressions will be removed in future versions of Thymeleaf.
2025-05-14T15:10:52.722+07:00  WARN 17144 --- [ShoppiBackEnd] [http-nio-8080-exec-9] actStandardFragmentInsertionTagProcessor : [THYMELEAF][http-nio-8080-exec-9][users/users] Deprecated unwrapped fragment expression "navigation :: menu" found in template users/users, line 6, col 7. Please use the complete syntax of fragment expressions instead ("~{navigation :: menu}"). The old, unwrapped syntax for fragment expressions will be removed in future versions of Thymeleaf.
2025-05-14T15:10:52.734+07:00  WARN 17144 --- [ShoppiBackEnd] [http-nio-8080-exec-9] actStandardFragmentInsertionTagProcessor : [THYMELEAF][http-nio-8080-exec-9][users/users] Deprecated unwrapped fragment expression "fragments :: column_link('id', 'User ID', 'tag')" found in template users/users, line 45, col 11. Please use the complete syntax of fragment expressions instead ("~{fragments :: column_link('id', 'User ID', 'tag')}"). The old, unwrapped syntax for fragment expressions will be removed in future versions of Thymeleaf.
2025-05-14T15:10:52.738+07:00  WARN 17144 --- [ShoppiBackEnd] [http-nio-8080-exec-9] actStandardFragmentInsertionTagProcessor : [THYMELEAF][http-nio-8080-exec-9][users/users] Deprecated unwrapped fragment expression "fragments :: column_link('email', 'E-mail', 'tag')" found in template users/users, line 51, col 11. Please use the complete syntax of fragment expressions instead ("~{fragments :: column_link('email', 'E-mail', 'tag')}"). The old, unwrapped syntax for fragment expressions will be removed in future versions of Thymeleaf.
2025-05-14T15:10:52.739+07:00  WARN 17144 --- [ShoppiBackEnd] [http-nio-8080-exec-9] actStandardFragmentInsertionTagProcessor : [THYMELEAF][http-nio-8080-exec-9][users/users] Deprecated unwrapped fragment expression "fragments :: column_link('firstName', 'First Name', 'none')" found in template users/users, line 54, col 10. Please use the complete syntax of fragment expressions instead ("~{fragments :: column_link('firstName', 'First Name', 'none')}"). The old, unwrapped syntax for fragment expressions will be removed in future versions of Thymeleaf.
2025-05-14T15:10:52.741+07:00  WARN 17144 --- [ShoppiBackEnd] [http-nio-8080-exec-9] actStandardFragmentInsertionTagProcessor : [THYMELEAF][http-nio-8080-exec-9][users/users] Deprecated unwrapped fragment expression "fragments :: column_link('lastName', 'Last Name', 'none')" found in template users/users, line 55, col 10. Please use the complete syntax of fragment expressions instead ("~{fragments :: column_link('lastName', 'Last Name', 'none')}"). The old, unwrapped syntax for fragment expressions will be removed in future versions of Thymeleaf.
2025-05-14T15:10:52.743+07:00  WARN 17144 --- [ShoppiBackEnd] [http-nio-8080-exec-9] actStandardFragmentInsertionTagProcessor : [THYMELEAF][http-nio-8080-exec-9][users/users] Deprecated unwrapped fragment expression "fragments :: column_link('enabled', 'Enabled', 'none')" found in template users/users, line 58, col 10. Please use the complete syntax of fragment expressions instead ("~{fragments :: column_link('enabled', 'Enabled', 'none')}"). The old, unwrapped syntax for fragment expressions will be removed in future versions of Thymeleaf.
2025-05-14T15:10:52.744+07:00  WARN 17144 --- [ShoppiBackEnd] [http-nio-8080-exec-9] actStandardFragmentInsertionTagProcessor : [THYMELEAF][http-nio-8080-exec-9][users/users] Deprecated unwrapped fragment expression "fragments :: user_photos" found in template users/users, line 66, col 12. Please use the complete syntax of fragment expressions instead ("~{fragments :: user_photos}"). The old, unwrapped syntax for fragment expressions will be removed in future versions of Thymeleaf.
2025-05-14T15:10:52.745+07:00  WARN 17144 --- [ShoppiBackEnd] [http-nio-8080-exec-9] actStandardFragmentInsertionTagProcessor : [THYMELEAF][http-nio-8080-exec-9][users/users] Deprecated unwrapped fragment expression "fragments :: user_status" found in template users/users, line 74, col 12. Please use the complete syntax of fragment expressions instead ("~{fragments :: user_status}"). The old, unwrapped syntax for fragment expressions will be removed in future versions of Thymeleaf.
2025-05-14T15:10:52.747+07:00  WARN 17144 --- [ShoppiBackEnd] [http-nio-8080-exec-9] actStandardFragmentInsertionTagProcessor : [THYMELEAF][http-nio-8080-exec-9][users/users] Deprecated unwrapped fragment expression "fragments :: user_actions" found in template users/users, line 78, col 12. Please use the complete syntax of fragment expressions instead ("~{fragments :: user_actions}"). The old, unwrapped syntax for fragment expressions will be removed in future versions of Thymeleaf.
2025-05-14T15:10:52.748+07:00  WARN 17144 --- [ShoppiBackEnd] [http-nio-8080-exec-9] actStandardFragmentInsertionTagProcessor : [THYMELEAF][http-nio-8080-exec-9][users/users] Deprecated unwrapped fragment expression "fragments :: user_photos" found in template users/users, line 66, col 12. Please use the complete syntax of fragment expressions instead ("~{fragments :: user_photos}"). The old, unwrapped syntax for fragment expressions will be removed in future versions of Thymeleaf.
2025-05-14T15:10:52.750+07:00  WARN 17144 --- [ShoppiBackEnd] [http-nio-8080-exec-9] actStandardFragmentInsertionTagProcessor : [THYMELEAF][http-nio-8080-exec-9][users/users] Deprecated unwrapped fragment expression "fragments :: user_status" found in template users/users, line 74, col 12. Please use the complete syntax of fragment expressions instead ("~{fragments :: user_status}"). The old, unwrapped syntax for fragment expressions will be removed in future versions of Thymeleaf.
